list	cell	entry	identifier_or_url	count	description	eligible	reason
debian	apt-cache search markdown	apostrophe	apt-cache show apostrophe (Ubuntu plucky archive)	not published by the list (no install count in apt-cache)	Distraction free Markdown editor	in	desktop application: "Distraction free Markdown editor"
debian	apt-cache search markdown	blag	apt-cache show blag (Ubuntu plucky archive)	not published by the list (no install count in apt-cache)	Blog-aware, static site generator	out	static-site/documentation/slideshow generator, plugin or theme, not a reader or editor
debian	apt-cache search markdown	blag-doc	apt-cache show blag-doc (Ubuntu plucky archive)	not published by the list (no install count in apt-cache)	Blog-aware, static site generator (documentation)	out	static-site/documentation/slideshow generator, plugin or theme, not a reader or editor
debian	apt-cache search markdown	buku	apt-cache show buku (Ubuntu plucky archive)	not published by the list (no install count in apt-cache)	Powerful command-line bookmark manager	out	service or application that reads no markdown file by the description
debian	apt-cache search markdown	caspar	apt-cache show caspar (Ubuntu plucky archive)	not published by the list (no install count in apt-cache)	Makefile snippets for centralised configuration management and typesetting	out	converter, parser, processor or generator
debian	apt-cache search markdown	cl-markdown	apt-cache show cl-markdown (Ubuntu plucky archive)	not published by the list (no install count in apt-cache)	Common Lisp rewrite of Markdown	out	library, module or language binding
debian	apt-cache search markdown	cmark	apt-cache show cmark (Ubuntu plucky archive)	not published by the list (no install count in apt-cache)	CommonMark parsing and rendering program	out	converter, parser, processor or generator
debian	apt-cache search markdown	cmark-gfm	apt-cache show cmark-gfm (Ubuntu plucky archive)	not published by the list (no install count in apt-cache)	CommonMark parsing and rendering program, GitHub flavour	out	converter, parser, processor or generator
debian	apt-cache search markdown	darkslide	apt-cache show darkslide (Ubuntu plucky archive)	not published by the list (no install count in apt-cache)	HTML5 slideshow generator	out	static-site/documentation/slideshow generator, plugin or theme, not a reader or editor
debian	apt-cache search markdown	discount	apt-cache show discount (Ubuntu plucky archive)	not published by the list (no install count in apt-cache)	implementation of the Markdown markup language in C	out	converter, parser, processor or generator
debian	apt-cache search markdown	elixir-earmark-parser	apt-cache show elixir-earmark-parser (Ubuntu plucky archive)	not published by the list (no install count in apt-cache)	Pure Elixir Markdown Parser	out	library, module or language binding
debian	apt-cache search markdown	elpa-citar	apt-cache show elpa-citar (Ubuntu plucky archive)	not published by the list (no install count in apt-cache)	Act on bibliographic references from Emacs	out	description names no markdown reading or writing function (search hit on a long description)
debian	apt-cache search markdown	elpa-format-all	apt-cache show elpa-format-all (Ubuntu plucky archive)	not published by the list (no install count in apt-cache)	Auto-format C, C++, JS, Python, Ruby and 50 other languages	out	linter or formatter
debian	apt-cache search markdown	elpa-imenu-list	apt-cache show elpa-imenu-list (Ubuntu plucky archive)	not published by the list (no install count in apt-cache)	show the current Emacs buffer's imenu entries in a separate window	out	description names no markdown reading or writing function (search hit on a long description)
debian	apt-cache search markdown	elpa-markdown-mode	apt-cache show elpa-markdown-mode (Ubuntu plucky archive)	not published by the list (no install count in apt-cache)	mode for editing Markdown-formatted text files in GNU Emacs	in	editor extension: "mode for editing Markdown-formatted text files in GNU Emacs"
debian	apt-cache search markdown	elpa-markdown-toc	apt-cache show elpa-markdown-toc (Ubuntu plucky archive)	not published by the list (no install count in apt-cache)	Emacs TOC (table of contents) generator for markdown files	out	converter, parser, processor or generator
debian	apt-cache search markdown	elpa-olivetti	apt-cache show elpa-olivetti (Ubuntu plucky archive)	not published by the list (no install count in apt-cache)	Emacs minor mode to more comfortably read and write long-lined prose	undecidable	"Emacs minor mode to more comfortably read and write long-lined prose": editor extension; markdown not stated
debian	apt-cache search markdown	elpa-websocket	apt-cache show elpa-websocket (Ubuntu plucky archive)	not published by the list (no install count in apt-cache)	Emacs WebSocket client and server	out	description names no markdown reading or writing function (search hit on a long description)
debian	apt-cache search markdown	elpa-yasnippet-snippets	apt-cache show elpa-yasnippet-snippets (Ubuntu plucky archive)	not published by the list (no install count in apt-cache)	Andrea Crotti's official YASnippet snippets	out	description names no markdown reading or writing function (search hit on a long description)
debian	apt-cache search markdown	emd	apt-cache show emd (Ubuntu plucky archive)	not published by the list (no install count in apt-cache)	Enhanced Markdown template processor (program)	out	converter, parser, processor or generator
debian	apt-cache search markdown	fonts-sn-pro	apt-cache show fonts-sn-pro (Ubuntu plucky archive)	not published by the list (no install count in apt-cache)	friendly new typeface based on Nunito	out	font
debian	apt-cache search markdown	formiko	apt-cache show formiko (Ubuntu plucky archive)	not published by the list (no install count in apt-cache)	reStructuredText and MarkDown editor and live previewer	in	desktop application: "reStructuredText and MarkDown editor and live previewer"
debian	apt-cache search markdown	gambas3-gb-markdown	apt-cache show gambas3-gb-markdown (Ubuntu plucky archive)	not published by the list (no install count in apt-cache)	Gambas markdown convert component	out	library, module or language binding
debian	apt-cache search markdown	geany-plugin-markdown	apt-cache show geany-plugin-markdown (Ubuntu plucky archive)	not published by the list (no install count in apt-cache)	markdown plugin for Geany	in	editor extension: "markdown plugin for Geany"
debian	apt-cache search markdown	ghostwriter	apt-cache show ghostwriter (Ubuntu plucky archive)	not published by the list (no install count in apt-cache)	Distraction-free, themeable Markdown editor	in	desktop application: "Distraction-free, themeable Markdown editor"
debian	apt-cache search markdown	gitit	apt-cache show gitit (Ubuntu plucky archive)	not published by the list (no install count in apt-cache)	Wiki engine backed by a git or darcs filestore	out	service or application that reads no markdown file by the description
debian	apt-cache search markdown	glgrib-doc	apt-cache show glgrib-doc (Ubuntu plucky archive)	not published by the list (no install count in apt-cache)	Display GRIB2 fields using OpenGL (glgrib documentation)	out	documentation package
debian	apt-cache search markdown	glow	apt-cache show glow (Ubuntu plucky archive)	not published by the list (no install count in apt-cache)	Render Markdown on the command-line	in	terminal program: "Render Markdown on the command-line"
debian	apt-cache search markdown	golang-github-charmbracelet-glamour-dev	apt-cache show golang-github-charmbracelet-glamour-dev (Ubuntu plucky archive)	not published by the list (no install count in apt-cache)	stylesheet-based markdown rendering for your CLI apps (Go library)	out	library, module or language binding
debian	apt-cache search markdown	golang-github-cpuguy83-go-md2man-v2-dev	apt-cache show golang-github-cpuguy83-go-md2man-v2-dev (Ubuntu plucky archive)	not published by the list (no install count in apt-cache)	utility to create manpages from markdown (source)	out	library, module or language binding
debian	apt-cache search markdown	golang-github-gomarkdown-markdown-dev	apt-cache show golang-github-gomarkdown-markdown-dev (Ubuntu plucky archive)	not published by the list (no install count in apt-cache)	Markdown parser and HTML renderer for Go	out	library, module or language binding
debian	apt-cache search markdown	golang-github-hhatto-gorst-dev	apt-cache show golang-github-hhatto-gorst-dev (Ubuntu plucky archive)	not published by the list (no install count in apt-cache)	Go implementation of reStructuredText	out	library, module or language binding
debian	apt-cache search markdown	golang-github-johanneskaufmann-html-to-markdown-dev	apt-cache show golang-github-johanneskaufmann-html-to-markdown-dev (Ubuntu plucky archive)	not published by the list (no install count in apt-cache)	Convert HTML to Markdown (library)	out	library, module or language binding
debian	apt-cache search markdown	golang-github-miekg-mmark-dev	apt-cache show golang-github-miekg-mmark-dev (Ubuntu plucky archive)	not published by the list (no install count in apt-cache)	Markdown processor in Go geared for the IETF (Go library)	out	library, module or language binding
debian	apt-cache search markdown	golang-github-mmarkdown-mmark-dev	apt-cache show golang-github-mmarkdown-mmark-dev (Ubuntu plucky archive)	not published by the list (no install count in apt-cache)	powerful markdown processor in Go geared towards the IETF (library)	out	library, module or language binding
debian	apt-cache search markdown	golang-github-russross-blackfriday-dev	apt-cache show golang-github-russross-blackfriday-dev (Ubuntu plucky archive)	not published by the list (no install count in apt-cache)	Blackfriday: a markdown processor for Go	out	library, module or language binding
debian	apt-cache search markdown	golang-github-russross-blackfriday-v2-dev	apt-cache show golang-github-russross-blackfriday-v2-dev (Ubuntu plucky archive)	not published by the list (no install count in apt-cache)	Blackfriday: a markdown processor for Go version 2	out	library, module or language binding
debian	apt-cache search markdown	golang-github-yuin-goldmark-dev	apt-cache show golang-github-yuin-goldmark-dev (Ubuntu plucky archive)	not published by the list (no install count in apt-cache)	CommonMark compliant and extensible Markdown parser written in Go	out	library, module or language binding
debian	apt-cache search markdown	golang-github-yuin-goldmark-emoji-dev	apt-cache show golang-github-yuin-goldmark-emoji-dev (Ubuntu plucky archive)	not published by the list (no install count in apt-cache)	emoji extension for the goldmark Markdown parser (Go library)	out	library, module or language binding
debian	apt-cache search markdown	golang-github-yuin-goldmark-highlighting-dev	apt-cache show golang-github-yuin-goldmark-highlighting-dev (Ubuntu plucky archive)	not published by the list (no install count in apt-cache)	syntax highlighting extension for the goldmark Markdown parser	out	library, module or language binding
debian	apt-cache search markdown	go-md2man	apt-cache show go-md2man (Ubuntu plucky archive)	not published by the list (no install count in apt-cache)	utility to create manpages from markdown	out	converter, parser, processor or generator
debian	apt-cache search markdown	gorst	apt-cache show gorst (Ubuntu plucky archive)	not published by the list (no install count in apt-cache)	Go implementation of reStructuredText (command line)	out	converter, parser, processor or generator
debian	apt-cache search markdown	grip	apt-cache show grip (Ubuntu plucky archive)	not published by the list (no install count in apt-cache)	Preview GitHub Markdown files like Readme locally	in	previewer program: "Preview GitHub Markdown files like Readme locally"
debian	apt-cache search markdown	guile-commonmark	apt-cache show guile-commonmark (Ubuntu plucky archive)	not published by the list (no install count in apt-cache)	module to parse CommonMark documents into SXML	out	library, module or language binding
debian	apt-cache search markdown	hugo	apt-cache show hugo (Ubuntu plucky archive)	not published by the list (no install count in apt-cache)	Fast and flexible Static Site Generator written in Go	out	static-site/documentation/slideshow generator, plugin or theme, not a reader or editor
debian	apt-cache search markdown	hyperfine	apt-cache show hyperfine (Ubuntu plucky archive)	not published by the list (no install count in apt-cache)	Command-line benchmarking tool	out	service or application that reads no markdown file by the description
debian	apt-cache search markdown	iotas	apt-cache show iotas (Ubuntu plucky archive)	not published by the list (no install count in apt-cache)	Simple mobile-friendly note-taking application	undecidable	"Simple mobile-friendly note-taking application": description does not say it reads or writes markdown files
debian	apt-cache search markdown	jekyll	apt-cache show jekyll (Ubuntu plucky archive)	not published by the list (no install count in apt-cache)	simple, blog aware, static site generator	out	static-site/documentation/slideshow generator, plugin or theme, not a reader or editor
debian	apt-cache search markdown	jupyterlab	apt-cache show jupyterlab (Ubuntu plucky archive)	not published by the list (no install count in apt-cache)	Node.js modules for JupyterLab	out	service or application that reads no markdown file by the description
debian	apt-cache search markdown	klevernotes	apt-cache show klevernotes (Ubuntu plucky archive)	not published by the list (no install count in apt-cache)	note taking and management application	undecidable	"note taking and management application": description does not say it reads or writes markdown files
debian	apt-cache search markdown	kookbook	apt-cache show kookbook (Ubuntu plucky archive)	not published by the list (no install count in apt-cache)	simple recipe manager taking structured markdown for recipes	undecidable	"simple recipe manager taking structured markdown for recipes": application, but whether the person opens markdown files to read/write is not settled
debian	apt-cache search markdown	kramdown	apt-cache show kramdown (Ubuntu plucky archive)	not published by the list (no install count in apt-cache)	Fast, pure-Ruby Markdown-superset converter - kramdown command	out	converter, parser, processor or generator
debian	apt-cache search markdown	kristall	apt-cache show kristall (Ubuntu plucky archive)	not published by the list (no install count in apt-cache)	high-quality visual cross-platform gemini browser	out	service or application that reads no markdown file by the description
debian	apt-cache search markdown	libcatmandu-bibtex-perl	apt-cache show libcatmandu-bibtex-perl (Ubuntu plucky archive)	not published by the list (no install count in apt-cache)	Catmandu modules for working with BibTeX data	out	library, module or language binding
debian	apt-cache search markdown	libcatmandu-blacklight-perl	apt-cache show libcatmandu-blacklight-perl (Ubuntu plucky archive)	not published by the list (no install count in apt-cache)	Catmandu module for working with Blacklight catalogs	out	library, module or language binding
debian	apt-cache search markdown	libcatmandu-breaker-perl	apt-cache show libcatmandu-breaker-perl (Ubuntu plucky archive)	not published by the list (no install count in apt-cache)	Catmandu modules that export data in a Breaker format	out	library, module or language binding
debian	apt-cache search markdown	libcatmandu-cmd-repl-perl	apt-cache show libcatmandu-cmd-repl-perl (Ubuntu plucky archive)	not published by the list (no install count in apt-cache)	interactive shell for Catmandu	out	library, module or language binding
debian	apt-cache search markdown	libcatmandu-crossref-perl	apt-cache show libcatmandu-crossref-perl (Ubuntu plucky archive)	not published by the list (no install count in apt-cache)	Catmandu modules to import data from the CrossRef API	out	library, module or language binding
debian	apt-cache search markdown	libcatmandu-dbi-perl	apt-cache show libcatmandu-dbi-perl (Ubuntu plucky archive)	not published by the list (no install count in apt-cache)	Catmandu tools to communicate with DBI based interfaces	out	library, module or language binding
debian	apt-cache search markdown	libcatmandu-exporter-table-perl	apt-cache show libcatmandu-exporter-table-perl (Ubuntu plucky archive)	not published by the list (no install count in apt-cache)	Catmandu modules for exporting data in tabular MultiMarkdown format	out	library, module or language binding
debian	apt-cache search markdown	libcatmandu-fedoracommons-perl	apt-cache show libcatmandu-fedoracommons-perl (Ubuntu plucky archive)	not published by the list (no install count in apt-cache)	low level Catmandu interface to the Fedora Commons REST API	out	library, module or language binding
debian	apt-cache search markdown	libcatmandu-markdown-perl	apt-cache show libcatmandu-markdown-perl (Ubuntu plucky archive)	not published by the list (no install count in apt-cache)	modules for handling markdown data within the Catmandu framework	out	library, module or language binding
debian	apt-cache search markdown	libcmark0.30.2	apt-cache show libcmark0.30.2 (Ubuntu plucky archive)	not published by the list (no install count in apt-cache)	CommonMark parsing and rendering library	out	library, module or language binding
debian	apt-cache search markdown	libcmark-dev	apt-cache show libcmark-dev (Ubuntu plucky archive)	not published by the list (no install count in apt-cache)	development files for CommonMark parsing and rendering library	out	library, module or language binding
debian	apt-cache search markdown	libcmark-gfm0.29.0.gfm.13	apt-cache show libcmark-gfm0.29.0.gfm.13 (Ubuntu plucky archive)	not published by the list (no install count in apt-cache)	CommonMark GitHub flavor gfm library	out	library, module or language binding
debian	apt-cache search markdown	libcmark-gfm-dev	apt-cache show libcmark-gfm-dev (Ubuntu plucky archive)	not published by the list (no install count in apt-cache)	CommonMark GitHub flavor gfm library dev files	out	library, module or language binding
debian	apt-cache search markdown	libcmark-gfm-extensions0.29.0.gfm.13	apt-cache show libcmark-gfm-extensions0.29.0.gfm.13 (Ubuntu plucky archive)	not published by the list (no install count in apt-cache)	CommonMark GitHub flavor gfm extension library	out	library, module or language binding
debian	apt-cache search markdown	libcmark-gfm-extensions-dev	apt-cache show libcmark-gfm-extensions-dev (Ubuntu plucky archive)	not published by the list (no install count in apt-cache)	CommonMark GitHub flavor gfm extensions library dev files	out	library, module or language binding
debian	apt-cache search markdown	libdist-zilla-plugin-readmefrompod-perl	apt-cache show libdist-zilla-plugin-readmefrompod-perl (Ubuntu plucky archive)	not published by the list (no install count in apt-cache)	Dist::Zilla plugin to generate a README from Pod	out	library, module or language binding
debian	apt-cache search markdown	libdr-sundown-perl	apt-cache show libdr-sundown-perl (Ubuntu plucky archive)	not published by the list (no install count in apt-cache)	perl bindings for sundown	out	library, module or language binding
debian	apt-cache search markdown	libghc-cmark-dev	apt-cache show libghc-cmark-dev (Ubuntu plucky archive)	not published by the list (no install count in apt-cache)	fast, accurate CommonMark (Markdown) parser and renderer	out	library, module or language binding
debian	apt-cache search markdown	libghc-cmark-doc	apt-cache show libghc-cmark-doc (Ubuntu plucky archive)	not published by the list (no install count in apt-cache)	fast, accurate CommonMark (Markdown) parser and renderer; documentation	out	documentation package
debian	apt-cache search markdown	libghc-cmark-gfm-dev	apt-cache show libghc-cmark-gfm-dev (Ubuntu plucky archive)	not published by the list (no install count in apt-cache)	fast, accurate GitHub Flavored Markdown parser and renderer	out	library, module or language binding
debian	apt-cache search markdown	libghc-cmark-gfm-doc	apt-cache show libghc-cmark-gfm-doc (Ubuntu plucky archive)	not published by the list (no install count in apt-cache)	fast, accurate GitHub Flavored Markdown parser and renderer; documentation	out	documentation package
debian	apt-cache search markdown	libghc-cmark-gfm-prof	apt-cache show libghc-cmark-gfm-prof (Ubuntu plucky archive)	not published by the list (no install count in apt-cache)	fast, accurate GitHub Flavored Markdown parser and renderer; profiling libraries	out	library, module or language binding
debian	apt-cache search markdown	libghc-cmark-prof	apt-cache show libghc-cmark-prof (Ubuntu plucky archive)	not published by the list (no install count in apt-cache)	fast, accurate CommonMark (Markdown) parser and renderer; profiling libraries	out	library, module or language binding
debian	apt-cache search markdown	libghc-gitit-data	apt-cache show libghc-gitit-data (Ubuntu plucky archive)	not published by the list (no install count in apt-cache)	Wiki engine backed by a git or darcs filestore - Data files	out	library, module or language binding
debian	apt-cache search markdown	libghc-gitit-dev	apt-cache show libghc-gitit-dev (Ubuntu plucky archive)	not published by the list (no install count in apt-cache)	Wiki engine backed by a git or darcs filestore	out	library, module or language binding
debian	apt-cache search markdown	libghc-gitit-doc	apt-cache show libghc-gitit-doc (Ubuntu plucky archive)	not published by the list (no install count in apt-cache)	Wiki engine backed by a git or darcs filestore; documentation	out	documentation package
debian	apt-cache search markdown	libghc-gitit-prof	apt-cache show libghc-gitit-prof (Ubuntu plucky archive)	not published by the list (no install count in apt-cache)	Wiki engine backed by a git or darcs filestore; profiling libraries	out	library, module or language binding
debian	apt-cache search markdown	libghc-hakyll-dev	apt-cache show libghc-hakyll-dev (Ubuntu plucky archive)	not published by the list (no install count in apt-cache)	static website compiler library	out	static-site/documentation/slideshow generator, plugin or theme, not a reader or editor
debian	apt-cache search markdown	libghc-hakyll-doc	apt-cache show libghc-hakyll-doc (Ubuntu plucky archive)	not published by the list (no install count in apt-cache)	static website compiler library; documentation	out	static-site/documentation/slideshow generator, plugin or theme, not a reader or editor
debian	apt-cache search markdown	libghc-hakyll-prof	apt-cache show libghc-hakyll-prof (Ubuntu plucky archive)	not published by the list (no install count in apt-cache)	static website compiler library; profiling libraries	out	static-site/documentation/slideshow generator, plugin or theme, not a reader or editor
debian	apt-cache search markdown	libghc-heist-dev	apt-cache show libghc-heist-dev (Ubuntu plucky archive)	not published by the list (no install count in apt-cache)	template system supporting both HTML5 and XML	out	library, module or language binding
debian	apt-cache search markdown	libghc-heist-doc	apt-cache show libghc-heist-doc (Ubuntu plucky archive)	not published by the list (no install count in apt-cache)	template system supporting both HTML5 and XML; documentation	out	documentation package
debian	apt-cache search markdown	libghc-heist-prof	apt-cache show libghc-heist-prof (Ubuntu plucky archive)	not published by the list (no install count in apt-cache)	template system supporting both HTML5 and XML; profiling libraries	out	library, module or language binding
debian	apt-cache search markdown	libghc-markdown-dev	apt-cache show libghc-markdown-dev (Ubuntu plucky archive)	not published by the list (no install count in apt-cache)	convert Markdown to HTML, with XSS protection	out	library, module or language binding
debian	apt-cache search markdown	libghc-markdown-doc	apt-cache show libghc-markdown-doc (Ubuntu plucky archive)	not published by the list (no install count in apt-cache)	convert Markdown to HTML, with XSS protection; documentation	out	documentation package
debian	apt-cache search markdown	libghc-markdown-prof	apt-cache show libghc-markdown-prof (Ubuntu plucky archive)	not published by the list (no install count in apt-cache)	convert Markdown to HTML, with XSS protection; profiling libraries	out	library, module or language binding
debian	apt-cache search markdown	libghc-markdown-unlit-dev	apt-cache show libghc-markdown-unlit-dev (Ubuntu plucky archive)	not published by the list (no install count in apt-cache)	Literate Haskell support for Markdown	out	library, module or language binding
debian	apt-cache search markdown	libghc-markdown-unlit-doc	apt-cache show libghc-markdown-unlit-doc (Ubuntu plucky archive)	not published by the list (no install count in apt-cache)	Literate Haskell support for Markdown; documentation	out	documentation package
debian	apt-cache search markdown	libghc-markdown-unlit-prof	apt-cache show libghc-markdown-unlit-prof (Ubuntu plucky archive)	not published by the list (no install count in apt-cache)	Literate Haskell support for Markdown; profiling libraries	out	library, module or language binding
debian	apt-cache search markdown	libghc-pandoc-dev	apt-cache show libghc-pandoc-dev (Ubuntu plucky archive)	not published by the list (no install count in apt-cache)	Conversion between markup formats	out	library, module or language binding
debian	apt-cache search markdown	libghc-pandoc-doc	apt-cache show libghc-pandoc-doc (Ubuntu plucky archive)	not published by the list (no install count in apt-cache)	Conversion between markup formats; documentation	out	documentation package
debian	apt-cache search markdown	libghc-pandoc-prof	apt-cache show libghc-pandoc-prof (Ubuntu plucky archive)	not published by the list (no install count in apt-cache)	Conversion between markup formats; profiling libraries	out	library, module or language binding
debian	apt-cache search markdown	libhtml-wikiconverter-markdown-perl	apt-cache show libhtml-wikiconverter-markdown-perl (Ubuntu plucky archive)	not published by the list (no install count in apt-cache)	HTML to wiki markup converter - Markdown dialect	out	library, module or language binding
debian	apt-cache search markdown	libjs-jquery-markitup	apt-cache show libjs-jquery-markitup (Ubuntu plucky archive)	not published by the list (no install count in apt-cache)	jQuery based universal markup editor	out	library, module or language binding
debian	apt-cache search markdown	libjs-markdown-it	apt-cache show libjs-markdown-it (Ubuntu plucky archive)	not published by the list (no install count in apt-cache)	javascript markdown parser	out	library, module or language binding
debian	apt-cache search markdown	libjs-markdown-it-html5-embed	apt-cache show libjs-markdown-it-html5-embed (Ubuntu plucky archive)	not published by the list (no install count in apt-cache)	Markdown-it plugin for embedding audio/video in the HTML5 way	out	library, module or language binding
debian	apt-cache search markdown	libjs-markdown-it-sub	apt-cache show libjs-markdown-it-sub (Ubuntu plucky archive)	not published by the list (no install count in apt-cache)	javascript markdown parser subscript plugin	out	library, module or language binding
debian	apt-cache search markdown	libjs-markdown-it-sup	apt-cache show libjs-markdown-it-sup (Ubuntu plucky archive)	not published by the list (no install count in apt-cache)	javascript markdown parser superscript plugin	out	library, module or language binding
debian	apt-cache search markdown	libjs-marked	apt-cache show libjs-marked (Ubuntu plucky archive)	not published by the list (no install count in apt-cache)	Full-featured markdown parser and compiler	out	library, module or language binding
debian	apt-cache search markdown	libjs-remark-slide	apt-cache show libjs-remark-slide (Ubuntu plucky archive)	not published by the list (no install count in apt-cache)	simple, in-browser, markdown-driven slideshow tool (browser)	out	library, module or language binding
debian	apt-cache search markdown	libjs-simplemde	apt-cache show libjs-simplemde (Ubuntu plucky archive)	not published by the list (no install count in apt-cache)	JavaScript library providing a simple Markdown editor	out	library, module or language binding
debian	apt-cache search markdown	liblowdown1	apt-cache show liblowdown1 (Ubuntu plucky archive)	not published by the list (no install count in apt-cache)	Simple markdown translator (shared library)	out	library, module or language binding
debian	apt-cache search markdown	liblowdown-dev	apt-cache show liblowdown-dev (Ubuntu plucky archive)	not published by the list (no install count in apt-cache)	Simple markdown translator (development files)	out	library, module or language binding
debian	apt-cache search markdown	libmarkdent-perl	apt-cache show libmarkdent-perl (Ubuntu plucky archive)	not published by the list (no install count in apt-cache)	event-based Markdown parser toolkit	out	library, module or language binding
debian	apt-cache search markdown	libmarkdown2	apt-cache show libmarkdown2 (Ubuntu plucky archive)	not published by the list (no install count in apt-cache)	implementation of the Markdown markup language in C (library)	out	library, module or language binding
debian	apt-cache search markdown	libmarkdown2-dev	apt-cache show libmarkdown2-dev (Ubuntu plucky archive)	not published by the list (no install count in apt-cache)	implementation of the Markdown markup language in C (dev files)	out	library, module or language binding
debian	apt-cache search markdown	libmarkdown-php	apt-cache show libmarkdown-php (Ubuntu plucky archive)	not published by the list (no install count in apt-cache)	PHP library for rendering Markdown data	out	library, module or language binding
debian	apt-cache search markdown	libmarkdown-render-perl	apt-cache show libmarkdown-render-perl (Ubuntu plucky archive)	not published by the list (no install count in apt-cache)	module to render markdown using Text::Markdown::Discount or GitHub API	out	library, module or language binding
debian	apt-cache search markdown	libmd4c0	apt-cache show libmd4c0 (Ubuntu plucky archive)	not published by the list (no install count in apt-cache)	Markdown for C	out	library, module or language binding
debian	apt-cache search markdown	libmd4c-dev	apt-cache show libmd4c-dev (Ubuntu plucky archive)	not published by the list (no install count in apt-cache)	Markdown for C - development files	out	library, module or language binding
debian	apt-cache search markdown	libmd4c-html0	apt-cache show libmd4c-html0 (Ubuntu plucky archive)	not published by the list (no install count in apt-cache)	Markdown for C HTML-renderer	out	library, module or language binding
debian	apt-cache search markdown	libmd4c-html0-dev	apt-cache show libmd4c-html0-dev (Ubuntu plucky archive)	not published by the list (no install count in apt-cache)	Markdown for C HTML-renderer - development files	out	library, module or language binding
debian	apt-cache search markdown	libmdx-ocaml	apt-cache show libmdx-ocaml (Ubuntu plucky archive)	not published by the list (no install count in apt-cache)	execute OCaml code inside markdown documentation -- runtime files	out	library, module or language binding
debian	apt-cache search markdown	libmdx-ocaml-dev	apt-cache show libmdx-ocaml-dev (Ubuntu plucky archive)	not published by the list (no install count in apt-cache)	execute OCaml code inside markdown documentation -- development files	out	library, module or language binding
debian	apt-cache search markdown	libomd-ocaml	apt-cache show libomd-ocaml (Ubuntu plucky archive)	not published by the list (no install count in apt-cache)	Markdown frontend in pure OCaml (runtime)	out	library, module or language binding
debian	apt-cache search markdown	libomd-ocaml-dev	apt-cache show libomd-ocaml-dev (Ubuntu plucky archive)	not published by the list (no install count in apt-cache)	Markdown frontend in pure OCaml (development)	out	library, module or language binding
debian	apt-cache search markdown	libpegdown-java	apt-cache show libpegdown-java (Ubuntu plucky archive)	not published by the list (no install count in apt-cache)	Lightweight Markdown processing library	out	library, module or language binding
debian	apt-cache search markdown	libpegex-perl	apt-cache show libpegex-perl (Ubuntu plucky archive)	not published by the list (no install count in apt-cache)	Acmeist PEG Parser Framework	out	library, module or language binding
debian	apt-cache search markdown	libpod-markdown-perl	apt-cache show libpod-markdown-perl (Ubuntu plucky archive)	not published by the list (no install count in apt-cache)	módulo para convertir POD al formato de archivo Markdown	out	library, module or language binding
debian	apt-cache search markdown	librust-askama-axum-dev	apt-cache show librust-askama-axum-dev (Ubuntu plucky archive)	not published by the list (no install count in apt-cache)	Axum integration for Askama templates - Rust source code	out	library, module or language binding
debian	apt-cache search markdown	librust-askama-derive-dev	apt-cache show librust-askama-derive-dev (Ubuntu plucky archive)	not published by the list (no install count in apt-cache)	Procedural macro package for Askama - Rust source code	out	library, module or language binding
debian	apt-cache search markdown	librust-askama-dev	apt-cache show librust-askama-dev (Ubuntu plucky archive)	not published by the list (no install count in apt-cache)	Type-safe, compiled Jinja-like templates for Rust - Rust source code	out	library, module or language binding
debian	apt-cache search markdown	librust-bugreport-dev	apt-cache show librust-bugreport-dev (Ubuntu plucky archive)	not published by the list (no install count in apt-cache)	Collect system and environment information for bug reports - Rust source code	out	library, module or language binding
debian	apt-cache search markdown	librust-clap-markdown-dev	apt-cache show librust-clap-markdown-dev (Ubuntu plucky archive)	not published by the list (no install count in apt-cache)	Autogenerate Markdown documentation for clap command-line tools - Rust source code	out	library, module or language binding
debian	apt-cache search markdown	librust-comrak-dev	apt-cache show librust-comrak-dev (Ubuntu plucky archive)	not published by the list (no install count in apt-cache)	100% CommonMark-compatible GitHub Flavored Markdown parser and formatter - Rust source code	out	library, module or language binding
debian	apt-cache search markdown	librust-cursive-core-dev	apt-cache show librust-cursive-core-dev (Ubuntu plucky archive)	not published by the list (no install count in apt-cache)	Core components for the Cursive TUI - Rust source code	out	library, module or language binding
debian	apt-cache search markdown	librust-cursive-dev	apt-cache show librust-cursive-dev (Ubuntu plucky archive)	not published by the list (no install count in apt-cache)	TUI (Text User Interface) library focused on ease-of-use - Rust source code	out	library, module or language binding
debian	apt-cache search markdown	librust-html2md-dev	apt-cache show librust-html2md-dev (Ubuntu plucky archive)	not published by the list (no install count in apt-cache)	Library and binary to convert simple html documents into markdown - Rust source code	out	library, module or language binding
debian	apt-cache search markdown	librust-mdbook-dev	apt-cache show librust-mdbook-dev (Ubuntu plucky archive)	not published by the list (no install count in apt-cache)	Markdown book creator tool - Rust source code	out	static-site/documentation/slideshow generator, plugin or theme, not a reader or editor
debian	apt-cache search markdown	librust-minimad-dev	apt-cache show librust-minimad-dev (Ubuntu plucky archive)	not published by the list (no install count in apt-cache)	Light Markdown parser - Rust source code	out	library, module or language binding
debian	apt-cache search markdown	librust-pandoc-ast-dev	apt-cache show librust-pandoc-ast-dev (Ubuntu plucky archive)	not published by the list (no install count in apt-cache)	markdown ast (de)serializer for writing Pandoc filters - Rust source code	out	library, module or language binding
debian	apt-cache search markdown	librust-pikchr-dev	apt-cache show librust-pikchr-dev (Ubuntu plucky archive)	not published by the list (no install count in apt-cache)	PIC-like diagramming language to SVG converter - Rust source code	out	library, module or language binding
debian	apt-cache search markdown	librust-ruma-common-dev	apt-cache show librust-ruma-common-dev (Ubuntu plucky archive)	not published by the list (no install count in apt-cache)	Common types for other ruma crates - Rust source code	out	library, module or language binding
debian	apt-cache search markdown	librust-termimad-dev	apt-cache show librust-termimad-dev (Ubuntu plucky archive)	not published by the list (no install count in apt-cache)	Markdown Renderer for the Terminal - Rust source code	out	library, module or language binding
debian	apt-cache search markdown	librust-uuhelp-parser-dev	apt-cache show librust-uuhelp-parser-dev (Ubuntu plucky archive)	not published by the list (no install count in apt-cache)	Collection of functions to parse the markdown code of help files - Rust source code	out	library, module or language binding
debian	apt-cache search markdown	librust-version-sync-dev	apt-cache show librust-version-sync-dev (Ubuntu plucky archive)	not published by the list (no install count in apt-cache)	ensure packaging strings match crate metadata - Rust source code	out	library, module or language binding
debian	apt-cache search markdown	libsoldout1	apt-cache show libsoldout1 (Ubuntu plucky archive)	not published by the list (no install count in apt-cache)	Natacha's flexible C library for John Gruber's markdown language	out	library, module or language binding
debian	apt-cache search markdown	libsoldout-dev	apt-cache show libsoldout-dev (Ubuntu plucky archive)	not published by the list (no install count in apt-cache)	Development files for libsoldout a parser for the markdown language	out	library, module or language binding
debian	apt-cache search markdown	libsoldout-utils	apt-cache show libsoldout-utils (Ubuntu plucky archive)	not published by the list (no install count in apt-cache)	Utils and examples based on libsoldout	out	library, module or language binding
debian	apt-cache search markdown	libtext-markdown-discount-perl	apt-cache show libtext-markdown-discount-perl (Ubuntu plucky archive)	not published by the list (no install count in apt-cache)	Perl interface to Discount, an implementation of Markdown	out	library, module or language binding
debian	apt-cache search markdown	libtext-markdown-perl	apt-cache show libtext-markdown-perl (Ubuntu plucky archive)	not published by the list (no install count in apt-cache)	module to convert Markdown syntax to (X)HTML	out	library, module or language binding
debian	apt-cache search markdown	libtext-markdowntable-perl	apt-cache show libtext-markdowntable-perl (Ubuntu plucky archive)	not published by the list (no install count in apt-cache)	module to write Markdown syntax tables from data	out	library, module or language binding
debian	apt-cache search markdown	libtext-markup-perl	apt-cache show libtext-markup-perl (Ubuntu plucky archive)	not published by the list (no install count in apt-cache)	Parse text markup into HTML	out	library, module or language binding
debian	apt-cache search markdown	libtext-multimarkdown-perl	apt-cache show libtext-multimarkdown-perl (Ubuntu plucky archive)	not published by the list (no install count in apt-cache)	module to convert MultiMarkdown syntax to (X)HTML	out	library, module or language binding
debian	apt-cache search markdown	lookatme	apt-cache show lookatme (Ubuntu plucky archive)	not published by the list (no install count in apt-cache)	interactive command-line presentation tool	undecidable	"interactive command-line presentation tool": presentation viewer; markdown not stated in description
debian	apt-cache search markdown	lowdown	apt-cache show lowdown (Ubuntu plucky archive)	not published by the list (no install count in apt-cache)	Simple markdown translator	out	converter, parser, processor or generator
debian	apt-cache search markdown	lua-discount	apt-cache show lua-discount (Ubuntu plucky archive)	not published by the list (no install count in apt-cache)	Discount library for the Lua language	out	library, module or language binding
debian	apt-cache search markdown	lua-markdown	apt-cache show lua-markdown (Ubuntu plucky archive)	not published by the list (no install count in apt-cache)	Pure Lua 5.1 implementation of the Markdown text-to-html markup	out	library, module or language binding
debian	apt-cache search markdown	markdent	apt-cache show markdent (Ubuntu plucky archive)	not published by the list (no install count in apt-cache)	event-based Markdown parser toolkit - command-line tool	out	converter, parser, processor or generator
debian	apt-cache search markdown	markdown	apt-cache show markdown (Ubuntu plucky archive)	not published by the list (no install count in apt-cache)	Text-to-HTML conversion tool	out	converter, parser, processor or generator
debian	apt-cache search markdown	markdownlint	apt-cache show markdownlint (Ubuntu plucky archive)	not published by the list (no install count in apt-cache)	Markdown lint tool	out	linter or formatter
debian	apt-cache search markdown	markdownpart	apt-cache show markdownpart (Ubuntu plucky archive)	not published by the list (no install count in apt-cache)	KDE Markdown KPart	in	viewer component: "KDE Markdown KPart", opens markdown files in KDE applications
debian	apt-cache search markdown	markdown-unlit	apt-cache show markdown-unlit (Ubuntu plucky archive)	not published by the list (no install count in apt-cache)	Literate Haskell support for Markdown	out	converter, parser, processor or generator
debian	apt-cache search markdown	marknote	apt-cache show marknote (Ubuntu plucky archive)	not published by the list (no install count in apt-cache)	Simple markdown note management app	in	desktop application: "Simple markdown note management app"
debian	apt-cache search markdown	marktext	apt-cache show marktext (Ubuntu plucky archive)	not published by the list (no install count in apt-cache)	A simple and elegant open-source markdown editor that focused on speed and usability.	out	not in the Ubuntu archive: present in the search result only because it was installed locally on the search host (dpkg status only); not a member of the distribution list
debian	apt-cache search markdown	md2html	apt-cache show md2html (Ubuntu plucky archive)	not published by the list (no install count in apt-cache)	Markdown to HTML converter	out	converter, parser, processor or generator
debian	apt-cache search markdown	md2term	apt-cache show md2term (Ubuntu plucky archive)	not published by the list (no install count in apt-cache)	Markdown parser for highlights and colors in terminal	undecidable	"Markdown parser for highlights and colors in terminal": parser vs terminal viewer not settled
debian	apt-cache search markdown	mdbook	apt-cache show mdbook (Ubuntu plucky archive)	not published by the list (no install count in apt-cache)	Markdown book creator tool	out	static-site/documentation/slideshow generator, plugin or theme, not a reader or editor
debian	apt-cache search markdown	mdformat	apt-cache show mdformat (Ubuntu plucky archive)	not published by the list (no install count in apt-cache)	CommonMark compliant Markdown formatter	out	linter or formatter
debian	apt-cache search markdown	mdp	apt-cache show mdp (Ubuntu plucky archive)	not published by the list (no install count in apt-cache)	command-line based Markdown presentation tool	undecidable	"command-line based Markdown presentation tool": presenter of markdown files; viewer vs converter not settled
debian	apt-cache search markdown	minder	apt-cache show minder (Ubuntu plucky archive)	not published by the list (no install count in apt-cache)	Mind-mapping application	undecidable	"Mind-mapping application": application; whether it reads or writes markdown files not stated
debian	apt-cache search markdown	mkdocs	apt-cache show mkdocs (Ubuntu plucky archive)	not published by the list (no install count in apt-cache)	Static site generator geared towards building project documentation	out	static-site/documentation/slideshow generator, plugin or theme, not a reader or editor
debian	apt-cache search markdown	mkdocs-autorefs	apt-cache show mkdocs-autorefs (Ubuntu plucky archive)	not published by the list (no install count in apt-cache)	Plugin for MkDocs to automatically link across pages	out	static-site/documentation/slideshow generator, plugin or theme, not a reader or editor
debian	apt-cache search markdown	mkdocs-bootstrap	apt-cache show mkdocs-bootstrap (Ubuntu plucky archive)	not published by the list (no install count in apt-cache)	bootstrap themes for MkDocs	out	static-site/documentation/slideshow generator, plugin or theme, not a reader or editor
debian	apt-cache search markdown	mkdocs-doc	apt-cache show mkdocs-doc (Ubuntu plucky archive)	not published by the list (no install count in apt-cache)	Static site generator (documentation)	out	static-site/documentation/slideshow generator, plugin or theme, not a reader or editor
debian	apt-cache search markdown	mkdocs-gen-files	apt-cache show mkdocs-gen-files (Ubuntu plucky archive)	not published by the list (no install count in apt-cache)	MkDocs plugin for dynamically generated pages	out	static-site/documentation/slideshow generator, plugin or theme, not a reader or editor
debian	apt-cache search markdown	mkdocs-get-deps	apt-cache show mkdocs-get-deps (Ubuntu plucky archive)	not published by the list (no install count in apt-cache)	MkDocs extension that infers required PyPI packages (Python3)	out	static-site/documentation/slideshow generator, plugin or theme, not a reader or editor
debian	apt-cache search markdown	mkdocs-literate-nav	apt-cache show mkdocs-literate-nav (Ubuntu plucky archive)	not published by the list (no install count in apt-cache)	MkDocs extension to specify the navigation in Markdown (Python3)	out	static-site/documentation/slideshow generator, plugin or theme, not a reader or editor
debian	apt-cache search markdown	mkdocs-literate-nav-doc	apt-cache show mkdocs-literate-nav-doc (Ubuntu plucky archive)	not published by the list (no install count in apt-cache)	MkDocs extension to specify the navigation in Markdown (Documentation)	out	static-site/documentation/slideshow generator, plugin or theme, not a reader or editor
debian	apt-cache search markdown	mkdocs-material	apt-cache show mkdocs-material (Ubuntu plucky archive)	not published by the list (no install count in apt-cache)	Material Design theme for MkDocs	out	static-site/documentation/slideshow generator, plugin or theme, not a reader or editor
debian	apt-cache search markdown	mkdocs-material-extensions	apt-cache show mkdocs-material-extensions (Ubuntu plucky archive)	not published by the list (no install count in apt-cache)	Markdown extension resources for MkDocs for Material	out	static-site/documentation/slideshow generator, plugin or theme, not a reader or editor
debian	apt-cache search markdown	mkdocs-nature	apt-cache show mkdocs-nature (Ubuntu plucky archive)	not published by the list (no install count in apt-cache)	Nature theme for MkDocs	out	static-site/documentation/slideshow generator, plugin or theme, not a reader or editor
debian	apt-cache search markdown	mkdocs-redirects	apt-cache show mkdocs-redirects (Ubuntu plucky archive)	not published by the list (no install count in apt-cache)	Plugin for mkdocs to create page redirects	out	static-site/documentation/slideshow generator, plugin or theme, not a reader or editor
debian	apt-cache search markdown	mkdocstrings	apt-cache show mkdocstrings (Ubuntu plucky archive)	not published by the list (no install count in apt-cache)	Automatic Python documentation from sources for MkDocs	out	static-site/documentation/slideshow generator, plugin or theme, not a reader or editor
debian	apt-cache search markdown	mkdocstrings-python-handlers	apt-cache show mkdocstrings-python-handlers (Ubuntu plucky archive)	not published by the list (no install count in apt-cache)	Python handler for mkdocstrings	out	static-site/documentation/slideshow generator, plugin or theme, not a reader or editor
debian	apt-cache search markdown	mkdocstrings-python-legacy	apt-cache show mkdocstrings-python-legacy (Ubuntu plucky archive)	not published by the list (no install count in apt-cache)	Legacy Python handler for mkdocstrings	out	static-site/documentation/slideshow generator, plugin or theme, not a reader or editor
debian	apt-cache search markdown	mmark	apt-cache show mmark (Ubuntu plucky archive)	not published by the list (no install count in apt-cache)	powerful markdown processor in Go geared towards the IETF (program)	out	converter, parser, processor or generator
debian	apt-cache search markdown	muttdown	apt-cache show muttdown (Ubuntu plucky archive)	not published by the list (no install count in apt-cache)	Compiles annotated text mail into html using the Markdown standard	out	converter, parser, processor or generator
debian	apt-cache search markdown	nanoc	apt-cache show nanoc (Ubuntu plucky archive)	not published by the list (no install count in apt-cache)	static site generator written in Ruby	out	static-site/documentation/slideshow generator, plugin or theme, not a reader or editor
debian	apt-cache search markdown	node-codemirror-lang-markdown	apt-cache show node-codemirror-lang-markdown (Ubuntu plucky archive)	not published by the list (no install count in apt-cache)	Markdown language support for CodeMirror code editor	out	library, module or language binding
debian	apt-cache search markdown	node-jupyterlab	apt-cache show node-jupyterlab (Ubuntu plucky archive)	not published by the list (no install count in apt-cache)	Node.js modules for JupyterLab	out	library, module or language binding
debian	apt-cache search markdown	node-lezer-markdown	apt-cache show node-lezer-markdown (Ubuntu plucky archive)	not published by the list (no install count in apt-cache)	Node.js module to provide Markdown grammar for the lezer parser system	out	library, module or language binding
debian	apt-cache search markdown	node-markdown-it	apt-cache show node-markdown-it (Ubuntu plucky archive)	not published by the list (no install count in apt-cache)	Fast and easy to extend markdown parser	out	library, module or language binding
debian	apt-cache search markdown	node-markdown-to-jsx	apt-cache show node-markdown-to-jsx (Ubuntu plucky archive)	not published by the list (no install count in apt-cache)	Lightweight and customizable ReactJS markdown component	out	library, module or language binding
debian	apt-cache search markdown	node-marked	apt-cache show node-marked (Ubuntu plucky archive)	not published by the list (no install count in apt-cache)	Full-featured markdown parser and compiler for NodeJS	out	library, module or language binding
debian	apt-cache search markdown	node-marked-man	apt-cache show node-marked-man (Ubuntu plucky archive)	not published by the list (no install count in apt-cache)	Markdown to man page conversion - Node.js	out	library, module or language binding
debian	apt-cache search markdown	node-prosemirror-markdown	apt-cache show node-prosemirror-markdown (Ubuntu plucky archive)	not published by the list (no install count in apt-cache)	ProseMirror Markdown integration	out	library, module or language binding
debian	apt-cache search markdown	node-remark-slide	apt-cache show node-remark-slide (Ubuntu plucky archive)	not published by the list (no install count in apt-cache)	simple, in-browser, markdown-driven slideshow tool (node module)	out	library, module or language binding
debian	apt-cache search markdown	node-turndown	apt-cache show node-turndown (Ubuntu plucky archive)	not published by the list (no install count in apt-cache)	convert HTML into MarkDown with JavaScript	out	library, module or language binding
debian	apt-cache search markdown	okular-extra-backends	apt-cache show okular-extra-backends (Ubuntu plucky archive)	not published by the list (no install count in apt-cache)	additional document format support for Okular	undecidable	"additional document format support for Okular": viewer extension; which formats (markdown or not) not stated
debian	apt-cache search markdown	omd	apt-cache show omd (Ubuntu plucky archive)	not published by the list (no install count in apt-cache)	Markdown frontend in pure OCaml (tools)	out	converter, parser, processor or generator
debian	apt-cache search markdown	pampi	apt-cache show pampi (Ubuntu plucky archive)	not published by the list (no install count in apt-cache)	Presentations with Markdown, Pandoc, Impress.	undecidable	"Presentations with Markdown, Pandoc, Impress": authoring workflow, not settled
debian	apt-cache search markdown	pandoc	apt-cache show pandoc (Ubuntu plucky archive)	not published by the list (no install count in apt-cache)	general markup converter	out	converter, parser, processor or generator
debian	apt-cache search markdown	pandoc-data	apt-cache show pandoc-data (Ubuntu plucky archive)	not published by the list (no install count in apt-cache)	Conversion between markup formats	out	converter, parser, processor or generator
debian	apt-cache search markdown	pandoc-filter-diagram	apt-cache show pandoc-filter-diagram (Ubuntu plucky archive)	not published by the list (no install count in apt-cache)	Pandoc filter to render diagrams in Markdown code sections	out	converter, parser, processor or generator
debian	apt-cache search markdown	pelican	apt-cache show pelican (Ubuntu plucky archive)	not published by the list (no install count in apt-cache)	blog aware, static website generator	out	static-site/documentation/slideshow generator, plugin or theme, not a reader or editor
debian	apt-cache search markdown	pelican-doc	apt-cache show pelican-doc (Ubuntu plucky archive)	not published by the list (no install count in apt-cache)	blog aware, static website generator (documentation)	out	static-site/documentation/slideshow generator, plugin or theme, not a reader or editor
debian	apt-cache search markdown	php-league-commonmark	apt-cache show php-league-commonmark (Ubuntu plucky archive)	not published by the list (no install count in apt-cache)	Markdown parser based on the CommonMark JS reference implementation	out	library, module or language binding
debian	apt-cache search markdown	php-league-html-to-markdown	apt-cache show php-league-html-to-markdown (Ubuntu plucky archive)	not published by the list (no install count in apt-cache)	An HTML-to-markdown conversion helper for PHP	out	library, module or language binding
debian	apt-cache search markdown	php-parsedown	apt-cache show php-parsedown (Ubuntu plucky archive)	not published by the list (no install count in apt-cache)	Parser for Markdown	out	library, module or language binding
debian	apt-cache search markdown	php-parsedown-extra	apt-cache show php-parsedown-extra (Ubuntu plucky archive)	not published by the list (no install count in apt-cache)	Markdown Extra extension for Parsedown	out	library, module or language binding
debian	apt-cache search markdown	php-twig-markdown-extra	apt-cache show php-twig-markdown-extra (Ubuntu plucky archive)	not published by the list (no install count in apt-cache)	A Twig extension for Markdown	out	library, module or language binding
debian	apt-cache search markdown	pikchr-cli	apt-cache show pikchr-cli (Ubuntu plucky archive)	not published by the list (no install count in apt-cache)	PIC-like diagramming language to SVG converter - CLI tool	out	converter, parser, processor or generator
debian	apt-cache search markdown	pmarkdown	apt-cache show pmarkdown (Ubuntu plucky archive)	not published by the list (no install count in apt-cache)	configurable Markdown processor, supporting the CommonMark spec and extensions	out	converter, parser, processor or generator
debian	apt-cache search markdown	po4a	apt-cache show po4a (Ubuntu plucky archive)	not published by the list (no install count in apt-cache)	tools to ease the translation of documentation	out	converter, parser, processor or generator
debian	apt-cache search markdown	pod2pandoc	apt-cache show pod2pandoc (Ubuntu plucky archive)	not published by the list (no install count in apt-cache)	convert POD documents with Pandoc	out	converter, parser, processor or generator
debian	apt-cache search markdown	puppet-strings	apt-cache show puppet-strings (Ubuntu plucky archive)	not published by the list (no install count in apt-cache)	Tool to generate documentation from Puppet code and extensions	out	converter, parser, processor or generator
debian	apt-cache search markdown	python3-auto-pytabs	apt-cache show python3-auto-pytabs (Ubuntu plucky archive)	not published by the list (no install count in apt-cache)	Automatically generate code examples for mkdocs or Sphinx (Python 3)	out	library, module or language binding
debian	apt-cache search markdown	python3-blacken-docs	apt-cache show python3-blacken-docs (Ubuntu plucky archive)	not published by the list (no install count in apt-cache)	Run Black on Python code blocks in documentation files (Python 3)	out	library, module or language binding
debian	apt-cache search markdown	python3-changelogd	apt-cache show python3-changelogd (Ubuntu plucky archive)	not published by the list (no install count in apt-cache)	Changelogs without conflicts	out	library, module or language binding
debian	apt-cache search markdown	python3-cmarkgfm	apt-cache show python3-cmarkgfm (Ubuntu plucky archive)	not published by the list (no install count in apt-cache)	GitHub-flavored Markdown renderer Python bindings	out	library, module or language binding
debian	apt-cache search markdown	python3-commonmark	apt-cache show python3-commonmark (Ubuntu plucky archive)	not published by the list (no install count in apt-cache)	Python parser for the CommonMark Markdown spec	out	library, module or language binding
debian	apt-cache search markdown	python3-commonmark-bkrs	apt-cache show python3-commonmark-bkrs (Ubuntu plucky archive)	not published by the list (no install count in apt-cache)	Python parser for the CommonMark Markdown spec -- Python 3	out	library, module or language binding
debian	apt-cache search markdown	python3-django-markupfield	apt-cache show python3-django-markupfield (Ubuntu plucky archive)	not published by the list (no install count in apt-cache)	custom Django field for easy use of markup in text fields (Python3 version)	out	library, module or language binding
debian	apt-cache search markdown	python3-django-rich	apt-cache show python3-django-rich (Ubuntu plucky archive)	not published by the list (no install count in apt-cache)	Extensions for using Rich with Django (Python3 version)	out	library, module or language binding
debian	apt-cache search markdown	python3-docstring-to-markdown	apt-cache show python3-docstring-to-markdown (Ubuntu plucky archive)	not published by the list (no install count in apt-cache)	On the fly conversion of Python docstrings to markdown	out	library, module or language binding
debian	apt-cache search markdown	python3-html2text	apt-cache show python3-html2text (Ubuntu plucky archive)	not published by the list (no install count in apt-cache)	Python module for converting HTML to Markdown text (Python3 version)	out	library, module or language binding
debian	apt-cache search markdown	python3-jupytext	apt-cache show python3-jupytext (Ubuntu plucky archive)	not published by the list (no install count in apt-cache)	Jupyter notebooks as Markdown documents, Julia, Python or R scripts	out	library, module or language binding
debian	apt-cache search markdown	python3-knitpy	apt-cache show python3-knitpy (Ubuntu plucky archive)	not published by the list (no install count in apt-cache)	report generation tool with Python	out	library, module or language binding
debian	apt-cache search markdown	python3-markdown	apt-cache show python3-markdown (Ubuntu plucky archive)	not published by the list (no install count in apt-cache)	text-to-HTML conversion library/tool (Python 3 version)	out	library, module or language binding
debian	apt-cache search markdown	python3-markdown2	apt-cache show python3-markdown2 (Ubuntu plucky archive)	not published by the list (no install count in apt-cache)	Fast and complete implementation of Markdown in Python3	out	library, module or language binding
debian	apt-cache search markdown	python3-markdown-callouts	apt-cache show python3-markdown-callouts (Ubuntu plucky archive)	not published by the list (no install count in apt-cache)	Python-Markdown extension adding a new block-level syntax (Python3)	out	library, module or language binding
debian	apt-cache search markdown	python3-markdown-exec	apt-cache show python3-markdown-exec (Ubuntu plucky archive)	not published by the list (no install count in apt-cache)	Utilities to execute code blocks in Markdown files	out	library, module or language binding
debian	apt-cache search markdown	python3-markdown-include	apt-cache show python3-markdown-include (Ubuntu plucky archive)	not published by the list (no install count in apt-cache)	Extension to Python-Markdown (Python3 version)	out	library, module or language binding
debian	apt-cache search markdown	python3-markdown-it	apt-cache show python3-markdown-it (Ubuntu plucky archive)	not published by the list (no install count in apt-cache)	Python port of markdown-it and some its associated plugins	out	library, module or language binding
debian	apt-cache search markdown	python3-markdown-rundoc	apt-cache show python3-markdown-rundoc (Ubuntu plucky archive)	not published by the list (no install count in apt-cache)	Set of markdown extensions used by rundoc utility	out	library, module or language binding
debian	apt-cache search markdown	python3-markups	apt-cache show python3-markups (Ubuntu plucky archive)	not published by the list (no install count in apt-cache)	Wrapper around various text markups, implemented in Python 3	out	library, module or language binding
debian	apt-cache search markdown	python3-mdit-py-plugins	apt-cache show python3-mdit-py-plugins (Ubuntu plucky archive)	not published by the list (no install count in apt-cache)	Collection of plugins for markdown-it-py	out	library, module or language binding
debian	apt-cache search markdown	python3-md-toc	apt-cache show python3-md-toc (Ubuntu plucky archive)	not published by the list (no install count in apt-cache)	automatical generation of table of contents for markdown files (Python 3.x)	out	library, module or language binding
debian	apt-cache search markdown	python3-mdurl	apt-cache show python3-mdurl (Ubuntu plucky archive)	not published by the list (no install count in apt-cache)	Python port of the JavaScript mdurl package	out	library, module or language binding
debian	apt-cache search markdown	python3-mdx-math	apt-cache show python3-mdx-math (Ubuntu plucky archive)	not published by the list (no install count in apt-cache)	math extension for Python-Markdown	out	library, module or language binding
debian	apt-cache search markdown	python3-mistletoe	apt-cache show python3-mistletoe (Ubuntu plucky archive)	not published by the list (no install count in apt-cache)	fast, extensible Markdown parser in pure Python	out	library, module or language binding
debian	apt-cache search markdown	python3-mistune	apt-cache show python3-mistune (Ubuntu plucky archive)	not published by the list (no install count in apt-cache)	Markdown parser for Python 3	out	library, module or language binding
debian	apt-cache search markdown	python3-mistune0	apt-cache show python3-mistune0 (Ubuntu plucky archive)	not published by the list (no install count in apt-cache)	Markdown parser for Python 3	out	library, module or language binding
debian	apt-cache search markdown	python3-mkautodoc	apt-cache show python3-mkautodoc (Ubuntu plucky archive)	not published by the list (no install count in apt-cache)	AutoDoc for MarkDown	out	library, module or language binding
debian	apt-cache search markdown	python3-mkdocs-test	apt-cache show python3-mkdocs-test (Ubuntu plucky archive)	not published by the list (no install count in apt-cache)	Testing framework for MkDocs projects (Python 3)	out	library, module or language binding
debian	apt-cache search markdown	python3-myst-nb	apt-cache show python3-myst-nb (Ubuntu plucky archive)	not published by the list (no install count in apt-cache)	Parse and execute ipynb files in Sphinx	out	library, module or language binding
debian	apt-cache search markdown	python3-myst-parser	apt-cache show python3-myst-parser (Ubuntu plucky archive)	not published by the list (no install count in apt-cache)	rich and extensible flavor of Markdown for technical docs	out	library, module or language binding
debian	apt-cache search markdown	python3-pandocfilters	apt-cache show python3-pandocfilters (Ubuntu plucky archive)	not published by the list (no install count in apt-cache)	python3 bindings for Pandoc's filters	out	library, module or language binding
debian	apt-cache search markdown	python3-panflute	apt-cache show python3-panflute (Ubuntu plucky archive)	not published by the list (no install count in apt-cache)	pythonic pandoc filters	out	library, module or language binding
debian	apt-cache search markdown	python3-pdoc	apt-cache show python3-pdoc (Ubuntu plucky archive)	not published by the list (no install count in apt-cache)	API Documentation for Python Projects	out	library, module or language binding
debian	apt-cache search markdown	python3-pymdownx	apt-cache show python3-pymdownx (Ubuntu plucky archive)	not published by the list (no install count in apt-cache)	Extension pack for Python Markdown	out	library, module or language binding
debian	apt-cache search markdown	python3-readme-renderer	apt-cache show python3-readme-renderer (Ubuntu plucky archive)	not published by the list (no install count in apt-cache)	Library to safely render arbitrary README files into HTML	out	library, module or language binding
debian	apt-cache search markdown	python3-reparser	apt-cache show python3-reparser (Ubuntu plucky archive)	not published by the list (no install count in apt-cache)	Simple regex-based lexer/parser for inline markup	out	library, module or language binding
debian	apt-cache search markdown	python3-rich	apt-cache show python3-rich (Ubuntu plucky archive)	not published by the list (no install count in apt-cache)	render rich text, tables, progress bars, syntax highlighting, markdown and more	out	library, module or language binding
debian	apt-cache search markdown	python3-rich-rst	apt-cache show python3-rich-rst (Ubuntu plucky archive)	not published by the list (no install count in apt-cache)	beautiful reStructuredText renderer for rich	out	library, module or language binding
debian	apt-cache search markdown	python3-sphinx-markdown-tables	apt-cache show python3-sphinx-markdown-tables (Ubuntu plucky archive)	not published by the list (no install count in apt-cache)	Sphinx extension for rendering markdown tables (Python 3)	out	library, module or language binding
debian	apt-cache search markdown	python3-sphinx-mdinclude	apt-cache show python3-sphinx-mdinclude (Ubuntu plucky archive)	not published by the list (no install count in apt-cache)	Sphinx extension for including or writing pages in Markdown (Python 3)	out	library, module or language binding
debian	apt-cache search markdown	python3-typeshed	apt-cache show python3-typeshed (Ubuntu plucky archive)	not published by the list (no install count in apt-cache)	collection of library stubs for Python, with static types	out	library, module or language binding
debian	apt-cache search markdown	python-changelogd-doc	apt-cache show python-changelogd-doc (Ubuntu plucky archive)	not published by the list (no install count in apt-cache)	Documentation for python-changelogd	out	documentation package
debian	apt-cache search markdown	python-commonmark-bkrs-doc	apt-cache show python-commonmark-bkrs-doc (Ubuntu plucky archive)	not published by the list (no install count in apt-cache)	Python parser for the CommonMark Markdown spec -- doc	out	documentation package
debian	apt-cache search markdown	python-landslide	apt-cache show python-landslide (Ubuntu plucky archive)	not published by the list (no install count in apt-cache)	Lightweight markup language-based html5 slideshow generator (compatibility package)	out	static-site/documentation/slideshow generator, plugin or theme, not a reader or editor
debian	apt-cache search markdown	python-markdown-callouts-doc	apt-cache show python-markdown-callouts-doc (Ubuntu plucky archive)	not published by the list (no install count in apt-cache)	Python-Markdown extension adding a new block-level syntax (Documentation)	out	documentation package
debian	apt-cache search markdown	python-markdown-doc	apt-cache show python-markdown-doc (Ubuntu plucky archive)	not published by the list (no install count in apt-cache)	text-to-HTML conversion library/tool (documentation)	out	documentation package
debian	apt-cache search markdown	python-md-toc-doc	apt-cache show python-md-toc-doc (Ubuntu plucky archive)	not published by the list (no install count in apt-cache)	automatical generation of table of contents for markdown files (docs)	out	documentation package
debian	apt-cache search markdown	python-rich-rst-doc	apt-cache show python-rich-rst-doc (Ubuntu plucky archive)	not published by the list (no install count in apt-cache)	Beautiful reStructuredText renderer for rich (common documentation)	out	documentation package
debian	apt-cache search markdown	python-sphinx-mdinclude-doc	apt-cache show python-sphinx-mdinclude-doc (Ubuntu plucky archive)	not published by the list (no install count in apt-cache)	Sphinx extension for including or writing pages in Markdown (documentation)	out	documentation package
debian	apt-cache search markdown	r-cran-bookdown	apt-cache show r-cran-bookdown (Ubuntu plucky archive)	not published by the list (no install count in apt-cache)	authoring books and technical documents with GNU R markdown	out	library, module or language binding
debian	apt-cache search markdown	r-cran-bslib	apt-cache show r-cran-bslib (Ubuntu plucky archive)	not published by the list (no install count in apt-cache)	custom 'bootstrap' 'Sass' themes for GNU R shiny and rmarkdown	out	library, module or language binding
debian	apt-cache search markdown	r-cran-colourpicker	apt-cache show r-cran-colourpicker (Ubuntu plucky archive)	not published by the list (no install count in apt-cache)	GNU R colour picker tool for selecting colours in plots	out	library, module or language binding
debian	apt-cache search markdown	r-cran-commonmark	apt-cache show r-cran-commonmark (Ubuntu plucky archive)	not published by the list (no install count in apt-cache)	high performance CommonMark and Github markdown rendering in R	out	library, module or language binding
debian	apt-cache search markdown	r-cran-downlit	apt-cache show r-cran-downlit (Ubuntu plucky archive)	not published by the list (no install count in apt-cache)	GNU R syntax highlighting and automatic linking	out	library, module or language binding
debian	apt-cache search markdown	r-cran-dt	apt-cache show r-cran-dt (Ubuntu plucky archive)	not published by the list (no install count in apt-cache)	GNU R wrapper of the JavaScript library 'DataTables'	out	library, module or language binding
debian	apt-cache search markdown	r-cran-flextable	apt-cache show r-cran-flextable (Ubuntu plucky archive)	not published by the list (no install count in apt-cache)	GNU R functions for tabular reporting	out	library, module or language binding
debian	apt-cache search markdown	r-cran-fontawesome	apt-cache show r-cran-fontawesome (Ubuntu plucky archive)	not published by the list (no install count in apt-cache)	GNU R support of 'Font Awesome' Icons	out	library, module or language binding
debian	apt-cache search markdown	r-cran-gfonts	apt-cache show r-cran-gfonts (Ubuntu plucky archive)	not published by the list (no install count in apt-cache)	offline 'Google' Fonts for 'Markdown' and 'Shiny' for GNU R	out	library, module or language binding
debian	apt-cache search markdown	r-cran-gridtext	apt-cache show r-cran-gridtext (Ubuntu plucky archive)	not published by the list (no install count in apt-cache)	GNU R improved text rendering support for 'Grid' graphics	out	library, module or language binding
debian	apt-cache search markdown	r-cran-heatmaply	apt-cache show r-cran-heatmaply (Ubuntu plucky archive)	not published by the list (no install count in apt-cache)	GNU R interactive cluster heat maps using 'plotly'	out	library, module or language binding
debian	apt-cache search markdown	r-cran-htmlwidgets	apt-cache show r-cran-htmlwidgets (Ubuntu plucky archive)	not published by the list (no install count in apt-cache)	GNU R HTML Widgets	out	library, module or language binding
debian	apt-cache search markdown	r-cran-jquerylib	apt-cache show r-cran-jquerylib (Ubuntu plucky archive)	not published by the list (no install count in apt-cache)	obtain 'jQuery' as an HTML dependency object in GNU R	out	library, module or language binding
debian	apt-cache search markdown	r-cran-markdown	apt-cache show r-cran-markdown (Ubuntu plucky archive)	not published by the list (no install count in apt-cache)	GNU R package providing R bindings to the Sundown Markdown rendering library	out	library, module or language binding
debian	apt-cache search markdown	r-cran-pander	apt-cache show r-cran-pander (Ubuntu plucky archive)	not published by the list (no install count in apt-cache)	GNU R 'Pandoc' writer	out	library, module or language binding
debian	apt-cache search markdown	r-cran-reprex	apt-cache show r-cran-reprex (Ubuntu plucky archive)	not published by the list (no install count in apt-cache)	Prepare Reproducible Example Code via the Clipboard	out	library, module or language binding
debian	apt-cache search markdown	r-cran-rmarkdown	apt-cache show r-cran-rmarkdown (Ubuntu plucky archive)	not published by the list (no install count in apt-cache)	convert R markdown documents into a variety of formats	out	library, module or language binding
debian	apt-cache search markdown	r-cran-r.rsp	apt-cache show r-cran-r.rsp (Ubuntu plucky archive)	not published by the list (no install count in apt-cache)	Dynamic Generation of Scientific Reports	out	library, module or language binding
debian	apt-cache search markdown	r-cran-rsconnect	apt-cache show r-cran-rsconnect (Ubuntu plucky archive)	not published by the list (no install count in apt-cache)	GNU R deployment interface for markdown and Shiny applications	out	library, module or language binding
debian	apt-cache search markdown	r-cran-simplermarkdown	apt-cache show r-cran-simplermarkdown (Ubuntu plucky archive)	not published by the list (no install count in apt-cache)	GNU R package which runs R code present in a pandoc markdown	out	library, module or language binding
debian	apt-cache search markdown	r-cran-spelling	apt-cache show r-cran-spelling (Ubuntu plucky archive)	not published by the list (no install count in apt-cache)	tools for spell checking in GNU R	out	library, module or language binding
debian	apt-cache search markdown	r-cran-tufte	apt-cache show r-cran-tufte (Ubuntu plucky archive)	not published by the list (no install count in apt-cache)	Tufte's Styles for R Markdown Documents	out	library, module or language binding
debian	apt-cache search markdown	r-cran-webshot	apt-cache show r-cran-webshot (Ubuntu plucky archive)	not published by the list (no install count in apt-cache)	GNU R take screenshots of web pages	out	library, module or language binding
debian	apt-cache search markdown	recommonmark-scripts	apt-cache show recommonmark-scripts (Ubuntu plucky archive)	not published by the list (no install count in apt-cache)	CommonMark utility for Docutils and Sphinx projects -- scripts	out	converter, parser, processor or generator
debian	apt-cache search markdown	retext	apt-cache show retext (Ubuntu plucky archive)	not published by the list (no install count in apt-cache)	Simple text editor for Markdown and reStructuredText	in	desktop application: "Simple text editor for Markdown and reStructuredText"
debian	apt-cache search markdown	ronn	apt-cache show ronn (Ubuntu plucky archive)	not published by the list (no install count in apt-cache)	tool to build manuals from Markdown	out	converter, parser, processor or generator
debian	apt-cache search markdown	ruby-activerecord-import	apt-cache show ruby-activerecord-import (Ubuntu plucky archive)	not published by the list (no install count in apt-cache)	Bulk-loading extension for ActiveRecord	out	library, module or language binding
debian	apt-cache search markdown	ruby-bluefeather	apt-cache show ruby-bluefeather (Ubuntu plucky archive)	not published by the list (no install count in apt-cache)	Extend Markdown Converter written in Ruby	out	library, module or language binding
debian	apt-cache search markdown	ruby-discourse-diff	apt-cache show ruby-discourse-diff (Ubuntu plucky archive)	not published by the list (no install count in apt-cache)	Discourse Diff provides inline html diffing for markdown blobs	out	library, module or language binding
debian	apt-cache search markdown	ruby-github-markdown	apt-cache show ruby-github-markdown (Ubuntu plucky archive)	not published by the list (no install count in apt-cache)	Markdown parser for GitHub.com	out	library, module or language binding
debian	apt-cache search markdown	ruby-github-markup	apt-cache show ruby-github-markup (Ubuntu plucky archive)	not published by the list (no install count in apt-cache)	GitHub Markup rendering	out	library, module or language binding
debian	apt-cache search markdown	ruby-gitlab-markup	apt-cache show ruby-gitlab-markup (Ubuntu plucky archive)	not published by the list (no install count in apt-cache)	Fork from github-markup GitLab uses to render non markdown content	out	library, module or language binding
debian	apt-cache search markdown	ruby-jekyll-commonmark	apt-cache show ruby-jekyll-commonmark (Ubuntu plucky archive)	not published by the list (no install count in apt-cache)	commonmark markdown converter for jekyll	out	static-site/documentation/slideshow generator, plugin or theme, not a reader or editor
debian	apt-cache search markdown	ruby-jekyll-default-layout	apt-cache show ruby-jekyll-default-layout (Ubuntu plucky archive)	not published by the list (no install count in apt-cache)	plugin to set default layouts for Jekyll pages and posts	out	static-site/documentation/slideshow generator, plugin or theme, not a reader or editor
debian	apt-cache search markdown	ruby-jekyll-optional-front-matter	apt-cache show ruby-jekyll-optional-front-matter (Ubuntu plucky archive)	not published by the list (no install count in apt-cache)	jekyll plugin to make front matter optional for markdown files	out	static-site/documentation/slideshow generator, plugin or theme, not a reader or editor
debian	apt-cache search markdown	ruby-jekyll-relative-links	apt-cache show ruby-jekyll-relative-links (Ubuntu plucky archive)	not published by the list (no install count in apt-cache)	plugin for Jekyll to convert relative links to Markdown files	out	static-site/documentation/slideshow generator, plugin or theme, not a reader or editor
debian	apt-cache search markdown	ruby-jekyll-titles-from-headings	apt-cache show ruby-jekyll-titles-from-headings (Ubuntu plucky archive)	not published by the list (no install count in apt-cache)	jekyll plugin to create a page title from the markdown heading	out	static-site/documentation/slideshow generator, plugin or theme, not a reader or editor
debian	apt-cache search markdown	ruby-kramdown	apt-cache show ruby-kramdown (Ubuntu plucky archive)	not published by the list (no install count in apt-cache)	Fast, pure-Ruby Markdown-superset converter - ruby library	out	library, module or language binding
debian	apt-cache search markdown	ruby-kramdown-parser-gfm	apt-cache show ruby-kramdown-parser-gfm (Ubuntu plucky archive)	not published by the list (no install count in apt-cache)	kramdown parser for the GFM dialect of Markdown	out	library, module or language binding
debian	apt-cache search markdown	ruby-kramdown-rfc2629	apt-cache show ruby-kramdown-rfc2629 (Ubuntu plucky archive)	not published by the list (no install count in apt-cache)	generate XML2RFC XML from Markdown	out	library, module or language binding
debian	apt-cache search markdown	ruby-markdown-it-html5-embed	apt-cache show ruby-markdown-it-html5-embed (Ubuntu plucky archive)	not published by the list (no install count in apt-cache)	Markdown-it plugin for embedding audio/video in the HTML5 way	out	library, module or language binding
debian	apt-cache search markdown	ruby-markerb	apt-cache show ruby-markerb (Ubuntu plucky archive)	not published by the list (no install count in apt-cache)	multipart templates made easy with Markdown + ERb	out	library, module or language binding
debian	apt-cache search markdown	ruby-maruku	apt-cache show ruby-maruku (Ubuntu plucky archive)	not published by the list (no install count in apt-cache)	Markdown-superset interpreter written in Ruby	out	library, module or language binding
debian	apt-cache search markdown	ruby-mdl	apt-cache show ruby-mdl (Ubuntu plucky archive)	not published by the list (no install count in apt-cache)	Markdown lint tool - transitional dummy package	out	linter or formatter
debian	apt-cache search markdown	ruby-mdurl-rb	apt-cache show ruby-mdurl-rb (Ubuntu plucky archive)	not published by the list (no install count in apt-cache)	MDUrl for motion-markdown-it in Ruby	out	library, module or language binding
debian	apt-cache search markdown	ruby-nanoc-checking	apt-cache show ruby-nanoc-checking (Ubuntu plucky archive)	not published by the list (no install count in apt-cache)	static site generator written in Ruby - checker	out	static-site/documentation/slideshow generator, plugin or theme, not a reader or editor
debian	apt-cache search markdown	ruby-nanoc-cli	apt-cache show ruby-nanoc-cli (Ubuntu plucky archive)	not published by the list (no install count in apt-cache)	static site generator written in Ruby - command line interface	out	static-site/documentation/slideshow generator, plugin or theme, not a reader or editor
debian	apt-cache search markdown	ruby-nanoc-core	apt-cache show ruby-nanoc-core (Ubuntu plucky archive)	not published by the list (no install count in apt-cache)	static site generator written in Ruby - core package	out	static-site/documentation/slideshow generator, plugin or theme, not a reader or editor
debian	apt-cache search markdown	ruby-nanoc-deploying	apt-cache show ruby-nanoc-deploying (Ubuntu plucky archive)	not published by the list (no install count in apt-cache)	static site generator written in Ruby - deployer	out	static-site/documentation/slideshow generator, plugin or theme, not a reader or editor
debian	apt-cache search markdown	ruby-nanoc-external	apt-cache show ruby-nanoc-external (Ubuntu plucky archive)	not published by the list (no install count in apt-cache)	static site generator written in Ruby - external filter	out	static-site/documentation/slideshow generator, plugin or theme, not a reader or editor
debian	apt-cache search markdown	ruby-nanoc-live	apt-cache show ruby-nanoc-live (Ubuntu plucky archive)	not published by the list (no install count in apt-cache)	static site generator written in Ruby - live support	out	static-site/documentation/slideshow generator, plugin or theme, not a reader or editor
debian	apt-cache search markdown	ruby-nanoc-org-mode	apt-cache show ruby-nanoc-org-mode (Ubuntu plucky archive)	not published by the list (no install count in apt-cache)	static site generator written in Ruby - org-ruby mode	out	static-site/documentation/slideshow generator, plugin or theme, not a reader or editor
debian	apt-cache search markdown	ruby-naught	apt-cache show ruby-naught (Ubuntu plucky archive)	not published by the list (no install count in apt-cache)	Naught is a toolkit for building Null Objects	out	library, module or language binding
debian	apt-cache search markdown	ruby-rails-assets-bootstrap-markdown	apt-cache show ruby-rails-assets-bootstrap-markdown (Ubuntu plucky archive)	not published by the list (no install count in apt-cache)	bootstrap-markdown for rails applications	out	library, module or language binding
debian	apt-cache search markdown	ruby-rails-assets-markdown-it	apt-cache show ruby-rails-assets-markdown-it (Ubuntu plucky archive)	not published by the list (no install count in apt-cache)	markdown parser as a rails asset	out	library, module or language binding
debian	apt-cache search markdown	ruby-rails-assets-markdown-it-diaspora-mention	apt-cache show ruby-rails-assets-markdown-it-diaspora-mention (Ubuntu plucky archive)	not published by the list (no install count in apt-cache)	diaspora* mentions for markdown-it markdown parser	out	library, module or language binding
debian	apt-cache search markdown	ruby-rails-assets-markdown-it-hashtag	apt-cache show ruby-rails-assets-markdown-it-hashtag (Ubuntu plucky archive)	not published by the list (no install count in apt-cache)	hashtag for markdown-it markdown parser via rails pipeline	out	library, module or language binding
debian	apt-cache search markdown	ruby-rails-assets-markdown-it--markdown-it-for-inline	apt-cache show ruby-rails-assets-markdown-it--markdown-it-for-inline (Ubuntu plucky archive)	not published by the list (no install count in apt-cache)	Inline tokens iterator for markdown-it markdown parser	out	library, module or language binding
debian	apt-cache search markdown	ruby-rails-assets-markdown-it-sanitizer	apt-cache show ruby-rails-assets-markdown-it-sanitizer (Ubuntu plucky archive)	not published by the list (no install count in apt-cache)	sanitizer for markdown-it markdown parser via rails pipeline	out	library, module or language binding
debian	apt-cache search markdown	ruby-rails-assets-markdown-it-sub	apt-cache show ruby-rails-assets-markdown-it-sub (Ubuntu plucky archive)	not published by the list (no install count in apt-cache)	markdown parser subscript plugin as a rails asset	out	library, module or language binding
debian	apt-cache search markdown	ruby-rails-assets-markdown-it-sup	apt-cache show ruby-rails-assets-markdown-it-sup (Ubuntu plucky archive)	not published by the list (no install count in apt-cache)	markdown parser superscript plugin as a rails asset	out	library, module or language binding
debian	apt-cache search markdown	ruby-rdiscount	apt-cache show ruby-rdiscount (Ubuntu plucky archive)	not published by the list (no install count in apt-cache)	Discount Markdown Processor for Ruby	out	library, module or language binding
debian	apt-cache search markdown	ruby-redcarpet	apt-cache show ruby-redcarpet (Ubuntu plucky archive)	not published by the list (no install count in apt-cache)	Fast, safe and extensible Markdown to (X)HTML parser for Ruby	out	library, module or language binding
debian	apt-cache search markdown	ruby-reverse-markdown	apt-cache show ruby-reverse-markdown (Ubuntu plucky archive)	not published by the list (no install count in apt-cache)	converts HTML code into markdown	out	library, module or language binding
debian	apt-cache search markdown	ruby-ronn	apt-cache show ruby-ronn (Ubuntu plucky archive)	not published by the list (no install count in apt-cache)	library to build manuals from Markdown	out	library, module or language binding
debian	apt-cache search markdown	ruby-slim	apt-cache show ruby-slim (Ubuntu plucky archive)	not published by the list (no install count in apt-cache)	powerful (X)HTML templating engine with an elegant syntax	out	library, module or language binding
debian	apt-cache search markdown	ruby-task-list	apt-cache show ruby-task-list (Ubuntu plucky archive)	not published by the list (no install count in apt-cache)	GitHub-flavored-Markdown TaskList components	out	library, module or language binding
debian	apt-cache search markdown	ruby-uc.micro-rb	apt-cache show ruby-uc.micro-rb (Ubuntu plucky archive)	not published by the list (no install count in apt-cache)	Micro subset of unicode data files for motion-markdown-it projects	out	library, module or language binding
debian	apt-cache search markdown	serverspec-runner	apt-cache show serverspec-runner (Ubuntu plucky archive)	not published by the list (no install count in apt-cache)	simple execution framework for serverspec	out	description names no markdown reading or writing function (search hit on a long description)
debian	apt-cache search markdown	sonic-pi-server-doc	apt-cache show sonic-pi-server-doc (Ubuntu plucky archive)	not published by the list (no install count in apt-cache)	Documentation for Sonic Pi	out	documentation package
debian	apt-cache search markdown	staticsite	apt-cache show staticsite (Ubuntu plucky archive)	not published by the list (no install count in apt-cache)	Static site generator	out	static-site/documentation/slideshow generator, plugin or theme, not a reader or editor
debian	apt-cache search markdown	storm-lang-doc	apt-cache show storm-lang-doc (Ubuntu plucky archive)	not published by the list (no install count in apt-cache)	Documentation for Storm	out	static-site/documentation/slideshow generator, plugin or theme, not a reader or editor
debian	apt-cache search markdown	storm-lang-markdown	apt-cache show storm-lang-markdown (Ubuntu plucky archive)	not published by the list (no install count in apt-cache)	Markdown library for Storm	out	library, module or language binding
debian	apt-cache search markdown	tcllib	apt-cache show tcllib (Ubuntu plucky archive)	not published by the list (no install count in apt-cache)	Standard Tcl Library	out	library, module or language binding
debian	apt-cache search markdown	tclsoldout	apt-cache show tclsoldout (Ubuntu plucky archive)	not published by the list (no install count in apt-cache)	Tcl wrapper for libsoldout, a markdown parser library	out	library, module or language binding
debian	apt-cache search markdown	tdiary-style-gfm	apt-cache show tdiary-style-gfm (Ubuntu plucky archive)	not published by the list (no install count in apt-cache)	GFM Style for tDiary	out	converter, parser, processor or generator
debian	apt-cache search markdown	terraform-config-inspect	apt-cache show terraform-config-inspect (Ubuntu plucky archive)	not published by the list (no install count in apt-cache)	helper CLI tool for shallow inspection of Terraform configurations	out	description names no markdown reading or writing function (search hit on a long description)
debian	apt-cache search markdown	texlive-latex-extra	apt-cache show texlive-latex-extra (Ubuntu plucky archive)	not published by the list (no install count in apt-cache)	TeX Live: LaTeX additional packages	out	description names no markdown reading or writing function (search hit on a long description)
debian	apt-cache search markdown	tklib	apt-cache show tklib (Ubuntu plucky archive)	not published by the list (no install count in apt-cache)	standard Tk Library	out	library, module or language binding
debian	apt-cache search markdown	typora	apt-cache show typora (Ubuntu plucky archive)	not published by the list (no install count in apt-cache)	a minimal Markdown reading & writing app. Change Log: (https://typora.io/releases/all)	out	not in the Ubuntu archive: present in the search result only because it was installed locally on the search host (dpkg status only); not a member of the distribution list
debian	apt-cache search markdown	vim-link-vim	apt-cache show vim-link-vim (Ubuntu plucky archive)	not published by the list (no install count in apt-cache)	Keep long links out of your way	undecidable	"Keep long links out of your way": editor extension; markdown not stated in description
debian	apt-cache search markdown	vim-syntastic	apt-cache show vim-syntastic (Ubuntu plucky archive)	not published by the list (no install count in apt-cache)	Syntax checking hacks for vim	out	linter or formatter
debian	apt-cache search markdown	vim-vimwiki	apt-cache show vim-vimwiki (Ubuntu plucky archive)	not published by the list (no install count in apt-cache)	Vim plugin for personal wiki	undecidable	"Vim plugin for personal wiki": editor extension; markdown not stated in description
debian	apt-cache search markdown	vim-voom	apt-cache show vim-voom (Ubuntu plucky archive)	not published by the list (no install count in apt-cache)	Vim two-pane outliner	undecidable	"Vim two-pane outliner": editor extension; markdown not stated in description
