list	entry	identifier or URL	list counts for the entry	description as the list gives it	eligible	reason
vscode	GitHub Copilot Chat	https://marketplace.visualstudio.com/items?itemName=GitHub.copilot-chat	installs=78696223; ratings=396; average=2.81; lastUpdated=2026-05-15	AI chat features powered by Copilot	out	AI chat; Markdown incidental
vscode	Prettier - Code formatter	https://marketplace.visualstudio.com/items?itemName=esbenp.prettier-vscode	installs=72166134; ratings=492; average=3.54; lastUpdated=2026-03-16	Code formatter using prettier	out	formatter
vscode	Markdown All in One	https://marketplace.visualstudio.com/items?itemName=yzhang.markdown-all-in-one	installs=14704347; ratings=172; average=4.69; lastUpdated=2025-03-09	All you need to write Markdown (keyboard shortcuts, table of contents, auto preview and more)	in	application: Markdown authoring/preview extension, named for writing Markdown
vscode	markdownlint	https://marketplace.visualstudio.com/items?itemName=DavidAnson.vscode-markdownlint	installs=12338948; ratings=86; average=4.52; lastUpdated=2026-08-02	Markdown linting and style checking for Visual Studio Code	out	linter
vscode	Markdown Preview Enhanced	https://marketplace.visualstudio.com/items?itemName=shd101wyy.markdown-preview-enhanced	installs=10429484; ratings=145; average=4.33; lastUpdated=2026-10-09	Markdown Preview Enhanced ported to vscode	in	application: Markdown preview/authoring extension
vscode	Vue (Official)	https://marketplace.visualstudio.com/items?itemName=Vue.volar	installs=9722406; ratings=151; average=3.15; lastUpdated=2026-10-02	Language Support for Vue	out	language support for Vue
vscode	REST Client	https://marketplace.visualstudio.com/items?itemName=humao.rest-client	installs=7647479; ratings=388; average=4.91; lastUpdated=2022-08-19	REST Client for Visual Studio Code	out	HTTP client
vscode	No Code	https://marketplace.visualstudio.com/items?itemName=writenothing.no-code	installs=5832166; ratings=33; average=3.61; lastUpdated=2020-12-23	No code is the best way to write secure and reliable applications. Write nothing; deploy nowhere. 	out	not a Markdown tool
vscode	LaTeX Workshop	https://marketplace.visualstudio.com/items?itemName=James-Yu.latex-workshop	installs=5755577; ratings=302; average=4.80; lastUpdated=2026-09-17	Boost LaTeX typesetting efficiency with preview, compile, autocomplete, colorize, and more.	out	LaTeX tooling
vscode	Markdown Preview Mermaid Support	https://marketplace.visualstudio.com/items?itemName=bierner.markdown-mermaid	installs=5379736; ratings=60; average=4.62; lastUpdated=2026-05-21	Adds Mermaid diagram and flowchart support to VS Code's builtin markdown preview	undecidable	adds Mermaid to the built-in preview; an add-on to a viewer, neither a viewer nor a theme
vscode	Prettier ESLint	https://marketplace.visualstudio.com/items?itemName=rvest.vs-code-prettier-eslint	installs=4786692; ratings=51; average=4.00; lastUpdated=2024-02-06	A Visual Studio Extension to format JavaScript and Typescript code using prettier-eslint package	out	formatter
vscode	Ruff	https://marketplace.visualstudio.com/items?itemName=charliermarsh.ruff	installs=4763778; ratings=55; average=4.87; lastUpdated=2026-09-24	A Visual Studio Code extension with support for the Ruff linter and formatter for Python.	out	linter/formatter for Python
vscode	Markdown PDF	https://marketplace.visualstudio.com/items?itemName=yzane.markdown-pdf	installs=4203421; ratings=131; average=4.35; lastUpdated=2026-07-29	Convert Markdown to PDF	out	converter (Markdown to PDF)
vscode	Draw.io Integration	https://marketplace.visualstudio.com/items?itemName=hediet.vscode-drawio	installs=4199464; ratings=161; average=4.91; lastUpdated=2026-10-08	This unofficial extension integrates Draw.io into VS Code.	out	diagram editor
vscode	json	https://marketplace.visualstudio.com/items?itemName=ZainChen.json	installs=4183075; ratings=22; average=3.27; lastUpdated=2020-11-08	Json for Visual Studio Code	out	JSON support
vscode	R	https://marketplace.visualstudio.com/items?itemName=REditorSupport.r	installs=3514974; ratings=43; average=4.88; lastUpdated=2026-10-09	R Extension for Visual Studio Code	out	R language support
vscode	Markdown Preview Github Styling	https://marketplace.visualstudio.com/items?itemName=bierner.markdown-preview-github-styles	installs=2941096; ratings=39; average=4.54; lastUpdated=2025-06-12	Changes VS Code's built-in markdown preview to match Github's style	out	theme (restyles the built-in preview)
vscode	GraphQL: Syntax Highlighting	https://marketplace.visualstudio.com/items?itemName=GraphQL.vscode-graphql-syntax	installs=2789003; ratings=3; average=5.00; lastUpdated=2026-09-09	Adds syntax highlighting support for .graphql & embedded support for javascript, typescript, vue, markdown, python, php, reason, ocaml and rescript	out	syntax highlighting for GraphQL
vscode	solidity	https://marketplace.visualstudio.com/items?itemName=JuanBlanco.solidity	installs=1837504; ratings=26; average=4.42; lastUpdated=2025-11-04	Ethereum Solidity Language for Visual Studio Code	out	Solidity language support
vscode	PostCSS Language Support	https://marketplace.visualstudio.com/items?itemName=csstools.postcss	installs=1769382; ratings=32; average=2.38; lastUpdated=2020-08-18	Syntax highlighting for modern and experimental CSS in VSCode	out	CSS syntax highlighting
vscode	Better Jinja	https://marketplace.visualstudio.com/items?itemName=samuelcolvin.jinjahtml	installs=1592396; ratings=28; average=4.46; lastUpdated=2023-01-23	Syntax highlighting for jinja(2) including HTML, Markdown, YAML, Ruby and LaTeX templates	out	Jinja syntax highlighting
vscode	Office Viewer	https://marketplace.visualstudio.com/items?itemName=cweijan.vscode-office	installs=1556537; ratings=100; average=4.31; lastUpdated=2026-08-16	View word, excel, powerpoint files and using WYSIWYG editor for markdown.	undecidable	views Office files; Markdown WYSIWYG editing is one named function among several
vscode	Markdown Emoji	https://marketplace.visualstudio.com/items?itemName=bierner.markdown-emoji	installs=1458001; ratings=15; average=4.13; lastUpdated=2024-12-17	Adds emoji syntax support to VS Code's built-in markdown preview and markdown cells in notebook	undecidable	adds emoji syntax to the built-in preview; an add-on to a viewer
vscode	Markdown Checkboxes	https://marketplace.visualstudio.com/items?itemName=bierner.markdown-checkbox	installs=1438249; ratings=15; average=4.73; lastUpdated=2022-11-03	Adds checkbox support to the built-in markdown preview	undecidable	adds checkboxes to the built-in preview; an add-on to a viewer
vscode	Deno	https://marketplace.visualstudio.com/items?itemName=denoland.vscode-deno	installs=1436116; ratings=51; average=4.06; lastUpdated=2026-09-24	A language server client for Deno.	out	Deno language server
vscode	LaTeX	https://marketplace.visualstudio.com/items?itemName=mathematic.vscode-latex	installs=1319306; ratings=6; average=4.00; lastUpdated=2026-09-28	LaTeX language support for Visual Studio Code.	out	LaTeX language support
vscode	MDX	https://marketplace.visualstudio.com/items?itemName=unifiedjs.vscode-mdx	installs=1267908; ratings=9; average=4.56; lastUpdated=2026-08-28	Language support for MDX	undecidable	language support for MDX (Markdown superset); description does not say whether it renders or only highlights
vscode	R Syntax	https://marketplace.visualstudio.com/items?itemName=REditorSupport.r-syntax	installs=949121; ratings=1; average=1.00; lastUpdated=2026-03-08	R Synxtax Highlight for Visual Studio Code	out	R syntax highlighting
vscode	Markdown yaml Preamble	https://marketplace.visualstudio.com/items?itemName=bierner.markdown-yaml-preamble	installs=914764; ratings=3; average=2.67; lastUpdated=2026-05-21	Renders yaml front matter as a table in the built-in markdown preview	undecidable	renders front matter in the built-in preview; an add-on to a viewer
vscode	VS Code Jupyter Notebook Previewer	https://marketplace.visualstudio.com/items?itemName=jithurjacob.nbpreviewer	installs=902374; ratings=21; average=3.62; lastUpdated=2018-12-25	An easy to use extension for previewing Jupyter Notebooks within VS Code	out	Jupyter notebook previewer, not Markdown
vscode	Markdown Footnotes	https://marketplace.visualstudio.com/items?itemName=bierner.markdown-footnotes	installs=890662; ratings=8; average=5.00; lastUpdated=2022-11-18	Adds [^footnote] syntax support to VS Code's built-in markdown preview	undecidable	adds footnotes to the built-in preview; an add-on to a viewer
vscode	Marp for VS Code	https://marketplace.visualstudio.com/items?itemName=marp-team.marp-vscode	installs=871866; ratings=29; average=4.97; lastUpdated=2026-08-11	Create slide deck written in Marp Markdown on VS Code	undecidable	writes slide decks in Marp Markdown; Markdown is the source format of a slide tool
vscode	Mermaid Markdown Syntax Highlighting	https://marketplace.visualstudio.com/items?itemName=bpruitt-goddard.mermaid-markdown-syntax-highlighting	installs=835484; ratings=19; average=4.32; lastUpdated=2026-05-25	Markdown syntax support for the Mermaid charting language	out	syntax highlighting for Mermaid inside Markdown; no viewing or authoring of Markdown files
vscode	Scala (Metals)	https://marketplace.visualstudio.com/items?itemName=scalameta.metals	installs=816750; ratings=38; average=4.66; lastUpdated=2026-10-06	Scala language server with rich IDE features	out	Scala language server
vscode	GitHub Markdown Preview	https://marketplace.visualstudio.com/items?itemName=bierner.github-markdown-preview	installs=801711; ratings=21; average=5.00; lastUpdated=2026-06-02	Changes VS Code's built-in markdown preview to match GitHub	out	theme (restyles the built-in preview)
vscode	Data Preview	https://marketplace.visualstudio.com/items?itemName=RandomFractalsInc.vscode-data-preview	installs=793179; ratings=52; average=3.87; lastUpdated=2023-04-13	Data Preview ?? extension for importing ?? viewing ?? slicing ?? dicing ?? charting ?? & exporting ?? large JSON array/config, YAML, Apache Arrow, Avro, Parquet & Excel data files	out	data previewer
vscode	Preview	https://marketplace.visualstudio.com/items?itemName=searKing.preview-vscode	installs=787184; ratings=40; average=3.20; lastUpdated=2024-12-11	A Markdown, ReStructured Text, HTML, Jade, Pug, Mermaid, Image previewer.	in	previewer whose description names Markdown first
vscode	Matlab Unofficial	https://marketplace.visualstudio.com/items?itemName=Gimly81.matlab	installs=769873; ratings=24; average=4.62; lastUpdated=2023-04-26	MATLAB support for Visual Studio Code	out	MATLAB language support
vscode	Paste Image	https://marketplace.visualstudio.com/items?itemName=mushan.vscode-paste-image	installs=747070; ratings=51; average=4.80; lastUpdated=2019-01-23	paste image from clipboard directly	out	image paste, not Markdown-specific
vscode	Print	https://marketplace.visualstudio.com/items?itemName=pdconsec.vscode-print	installs=740400; ratings=55; average=4.73; lastUpdated=2025-07-27	Rendered Markdown, coloured code.	undecidable	prints rendered Markdown; description does not settle viewer versus converter
vscode	MDX (deprecated)	https://marketplace.visualstudio.com/items?itemName=silvenon.mdx	installs=678665; ratings=3; average=5.00; lastUpdated=2022-08-08	Provides syntax highlighting and bracket matching for MDX (JSX in Markdown) files.	out	syntax highlighting for MDX (deprecated)
vscode	Auto-Open Markdown Preview	https://marketplace.visualstudio.com/items?itemName=hnw.vscode-auto-open-markdown-preview	installs=671717; ratings=35; average=3.97; lastUpdated=2017-03-04	Open Markdown preview automatically when opening a Markdown file	undecidable	opens the preview automatically; a convenience on the built-in viewer
vscode	CS50-Flavored Markdown	https://marketplace.visualstudio.com/items?itemName=CS50.markdown50	installs=659638; ratings=0; average=0.00; lastUpdated=2023-04-13	CS50-Flavored Markdown	undecidable	Markdown dialect for a course; description gives no function
vscode	axe Accessibility Linter	https://marketplace.visualstudio.com/items?itemName=deque-systems.vscode-axe-linter	installs=650201; ratings=22; average=4.05; lastUpdated=2026-08-20	Accessibility linting for HTML, Angular, React, Markdown, Vue, React Native, and Liquid templates	out	accessibility linter
vscode	Iconify IntelliSense	https://marketplace.visualstudio.com/items?itemName=antfu.iconify	installs=641733; ratings=11; average=4.55; lastUpdated=2025-10-19	Intelligent Iconify previewing and searching for VS Code	out	Iconify helper
vscode	Markdown Theme Kit	https://marketplace.visualstudio.com/items?itemName=ms-vscode.Theme-MarkdownKit	installs=595766; ratings=14; average=4.21; lastUpdated=2017-04-04	Theme Kit for VS Code optimized for Markdown. Based on the TextMate themes.	out	theme
vscode	NoteIM: Fast Image & Markdown Sharing	https://marketplace.visualstudio.com/items?itemName=starkwang.markdown	installs=569800; ratings=8; average=1.50; lastUpdated=2025-10-05	Upload images & share Markdown documents with one click. Zero configuration, instant sharing.	undecidable	shares Markdown documents by upload; Markdown is the payload of a sharing service
vscode	learn-markdown	https://marketplace.visualstudio.com/items?itemName=docsmsft.docs-markdown	installs=507475; ratings=8; average=4.00; lastUpdated=2026-01-28	Learn Markdown Extension	undecidable	authoring extension for Microsoft Learn Markdown; description gives no function
vscode	Quarto	https://marketplace.visualstudio.com/items?itemName=quarto.quarto	installs=505115; ratings=20; average=4.90; lastUpdated=2026-09-11	Extension for the Quarto scientific and technical publishing system.	undecidable	publishing system; Markdown-family source is incidental or not, description does not say
vscode	Spanish - Code Spell Checker	https://marketplace.visualstudio.com/items?itemName=streetsidesoftware.code-spell-checker-spanish	installs=447329; ratings=11; average=5.00; lastUpdated=2025-08-30	Spanish Add-On for Code Spell Checker	out	spell-check dictionary
vscode	Solidity	https://marketplace.visualstudio.com/items?itemName=NomicFoundation.hardhat-solidity	installs=435133; ratings=16; average=4.44; lastUpdated=2026-09-30	Solidity and Hardhat support by the Hardhat team	out	Solidity tooling
vscode	Markdown+Math	https://marketplace.visualstudio.com/items?itemName=goessner.mdmath	installs=427386; ratings=29; average=4.55; lastUpdated=2021-06-06	LaTeX Math for Markdown ... with macros and more	undecidable	adds LaTeX math to Markdown preview; an add-on to a viewer
vscode	Supermaven	https://marketplace.visualstudio.com/items?itemName=supermaven.supermaven	installs=418892; ratings=45; average=3.76; lastUpdated=2024-09-18	The fastest copilot.	out	AI code completion
vscode	Linter	https://marketplace.visualstudio.com/items?itemName=fnando.linter	installs=412672; ratings=7; average=3.29; lastUpdated=2023-01-04	An extension for VSCode that provides linting for multiple languages in on package.	out	linter
vscode	Prettier-Standard - JavaScript formatter	https://marketplace.visualstudio.com/items?itemName=numso.prettier-standard-vscode	installs=410995; ratings=12; average=4.75; lastUpdated=2022-11-28	VS Code plugin for prettier + standard	out	formatter
vscode	R Tools	https://marketplace.visualstudio.com/items?itemName=Mikhail-Arkhipov.r	installs=408217; ratings=3; average=4.00; lastUpdated=2023-10-14	R Tools (IntelliSense, signature help, tooltips and more)	out	R tooling
vscode	文心快码 Baidu Comate	https://marketplace.visualstudio.com/items?itemName=BaiduComate.comate	installs=399110; ratings=69; average=4.39; lastUpdated=2026-09-10	Coding mate, Pair you create. Your AI Coding Assistant with Autocomplete & Chat for Java, Go, JS, Python & more	out	AI coding assistant
vscode	Oxc	https://marketplace.visualstudio.com/items?itemName=oxc.oxc-vscode	installs=386820; ratings=13; average=4.62; lastUpdated=2026-10-02	Oxlint and Oxfmt editor integration	out	linter/formatter integration
vscode	Markdown Shortcuts	https://marketplace.visualstudio.com/items?itemName=mdickin.markdown-shortcuts	installs=383890; ratings=22; average=4.91; lastUpdated=2019-11-10	Shortcuts for Markdown editing	in	editing shortcuts for Markdown, an authoring aid for Markdown files
vscode	Markdown Table Prettifier	https://marketplace.visualstudio.com/items?itemName=darkriszty.markdown-table-prettify	installs=368238; ratings=15; average=5.00; lastUpdated=2026-05-22	Transforms markdown tables to be more readable.	out	formatter (table prettifier)
vscode	LanguageTool for Visual Studio Code	https://marketplace.visualstudio.com/items?itemName=adamvoss.vscode-languagetool	installs=340244; ratings=13; average=2.69; lastUpdated=2017-07-08	LanguageTool grammar checking for Visual Studio Code.	out	grammar checker
vscode	Word Count	https://marketplace.visualstudio.com/items?itemName=ms-vscode.wordcount	installs=327297; ratings=6; average=2.83; lastUpdated=2015-11-18	Markdown Word Count Example - a status bar contribution that reports out the number of works in a Markdown document as you interact with it.	out	word counter example
vscode	LTeX – LanguageTool grammar/spell checking	https://marketplace.visualstudio.com/items?itemName=valentjn.vscode-ltex	installs=324722; ratings=53; average=4.68; lastUpdated=2026-04-12	Grammar/spell checker using LanguageTool with support for LaTeX, Markdown, and others	out	grammar checker
vscode	stylelint-plus	https://marketplace.visualstudio.com/items?itemName=hex-ci.stylelint-plus	installs=315159; ratings=7; average=4.43; lastUpdated=2026-03-15	Lint CSS, SCSS, Less and more with Stylelint — auto-fix on save, supports v14-v17, Vue, Svelte, and styled-components.	out	linter
vscode	Comark - Components in Markdown (previously MDC)	https://marketplace.visualstudio.com/items?itemName=Nuxt.mdc	installs=306409; ratings=4; average=5.00; lastUpdated=2026-06-18	Provides syntax highlighting and colon matching for Comark (Components in Markdown, previously MDC) files.	out	syntax highlighting for Comark/MDC
vscode	Grammarly	https://marketplace.visualstudio.com/items?itemName=znck.grammarly	installs=298215; ratings=76; average=4.42; lastUpdated=2024-05-06	A grammar checking for Visual Studio Code using Grammarly.	out	grammar checker
vscode	Foam	https://marketplace.visualstudio.com/items?itemName=foam.foam-vscode	installs=280643; ratings=43; average=5.00; lastUpdated=2026-09-30	VS Code + Markdown + Wikilinks for your note taking and knowledge base	in	notes and knowledge base built on Markdown files
vscode	Code Snapshot	https://marketplace.visualstudio.com/items?itemName=robertz.code-snapshot	installs=278191; ratings=9; average=4.56; lastUpdated=2020-02-04	Create your custom code snippet	out	code screenshot
vscode	Excel to Markdown table	https://marketplace.visualstudio.com/items?itemName=csholmq.excel-to-markdown-table	installs=275955; ratings=20; average=4.60; lastUpdated=2026-03-29	Copy Excel data and convert to Markdown table format	out	converter (Excel to Markdown table)
vscode	Markmap	https://marketplace.visualstudio.com/items?itemName=gera2ld.markmap-vscode	installs=266661; ratings=30; average=5.00; lastUpdated=2026-09-14	Visualize your markdown in VSCode	undecidable	visualises Markdown as a mind map; viewer or converter not settled
vscode	learn-preview	https://marketplace.visualstudio.com/items?itemName=docsmsft.docs-preview	installs=265340; ratings=3; average=3.33; lastUpdated=2026-08-13	Learn Markdown Preview Extension	in	Markdown preview extension (Microsoft Learn dialect)
vscode	Markdown Table	https://marketplace.visualstudio.com/items?itemName=TakumiI.markdowntable	installs=261080; ratings=30; average=4.93; lastUpdated=2025-01-19	Add features to edit markdown table.	in	edits Markdown tables, an authoring aid for Markdown files
vscode	Tinymist Typst	https://marketplace.visualstudio.com/items?itemName=myriad-dreamin.tinymist	installs=236095; ratings=26; average=5.00; lastUpdated=2026-09-08	An integrated language service for Typst	out	Typst language service
vscode	Markdown Editor	https://marketplace.visualstudio.com/items?itemName=zaaack.markdown-editor	installs=229985; ratings=37; average=4.51; lastUpdated=2026-09-02	A full-featured WYSIWYG editor for markdown.	in	WYSIWYG Markdown editor
vscode	Goto definition alias	https://marketplace.visualstudio.com/items?itemName=antfu.goto-alias	installs=220688; ratings=8; average=5.00; lastUpdated=2025-09-20	Go to definition following alias redirections	out	go-to-definition helper
vscode	Trunk Code Quality	https://marketplace.visualstudio.com/items?itemName=Trunk.io	installs=218146; ratings=31; average=4.03; lastUpdated=2026-06-05	Automated Code Quality for Teams: universal formatting, linting, static analysis, and security	out	code-quality tooling
vscode	MDX Preview	https://marketplace.visualstudio.com/items?itemName=xyc.vscode-mdx-preview	installs=207420; ratings=4; average=5.00; lastUpdated=2021-11-28	MDX Preview	undecidable	previews MDX; MDX is a Markdown superset
vscode	COBOL	https://marketplace.visualstudio.com/items?itemName=bitlang.cobol	installs=201306; ratings=6; average=5.00; lastUpdated=2026-10-03	IntelliSense, highlighting, snippets, and code browsing for COBOL and more	out	COBOL support
vscode	Colorful Comments	https://marketplace.visualstudio.com/items?itemName=ParthR2031.colorful-comments	installs=198742; ratings=11; average=4.27; lastUpdated=2022-07-22	Improve and Enhance your code and make it attractive by adding Colorful Comments	out	comment colouring
vscode	vscode-pandoc	https://marketplace.visualstudio.com/items?itemName=ChrisChinchilla.vscode-pandoc	installs=196755; ratings=7; average=4.57; lastUpdated=2026-09-11	Renders markdown through pandoc	undecidable	renders Markdown through pandoc; viewer or converter not settled
vscode	CodeTogether Cloud	https://marketplace.visualstudio.com/items?itemName=genuitecllc.codetogether	installs=195176; ratings=10; average=4.30; lastUpdated=2025-10-07	CodeTogether improves collaboration for teams by providing improved transparency and insights.	out	collaboration service
vscode	VSMarketplace Badges	https://marketplace.visualstudio.com/items?itemName=XuangeAha.vsmarketplace-badges	installs=191603; ratings=2; average=5.00; lastUpdated=2026-01-11	Insert version, installs and rating badges for VSMarketplace extensions easily to your HTML or Markdown pages.	out	badge snippet inserter
vscode	Lean 4	https://marketplace.visualstudio.com/items?itemName=leanprover.lean4	installs=190541; ratings=5; average=4.60; lastUpdated=2026-09-18	Lean 4 language support for VS Code	out	Lean 4 support
vscode	Notes	https://marketplace.visualstudio.com/items?itemName=dionmunk.vscode-notes	installs=188904; ratings=26; average=4.46; lastUpdated=2026-10-07	Notes is a Markdown focused notes extension for Visual Studio Code that takes inspiration from Notational Velocity and nvAlt.	in	Markdown-focused notes extension
vscode	Markdown Paste	https://marketplace.visualstudio.com/items?itemName=telesoho.vscode-markdown-paste-image	installs=178982; ratings=21; average=4.81; lastUpdated=2026-05-02	A smartly paste for markdown.	undecidable	smart paste for Markdown; an authoring aid or snippet-class helper
vscode	Best Themes Redefined 🚀	https://marketplace.visualstudio.com/items?itemName=lakshits11.best-themes-redefined	installs=178282; ratings=15; average=5.00; lastUpdated=2024-04-21	🎨🚀 A never seen collection of 92 hand crafted themes no where to be found on Internet 💻	out	themes
vscode	Draw Folder Structure	https://marketplace.visualstudio.com/items?itemName=jmkrivocapich.drawfolderstructure	installs=177671; ratings=10; average=5.00; lastUpdated=2026-01-19	Generate markdown representations of your folder and file structure	out	generator of folder-structure text
vscode	Offline Markdown Preview	https://marketplace.visualstudio.com/items?itemName=Bowlerr.offline-markdown-preview	installs=171391; ratings=2; average=5.00; lastUpdated=2026-07-12	Offline Markdown preview for VS Code with Mermaid diagrams, KaTeX math, secure local rendering, export, scroll sync, and outline navigation.	in	Markdown preview extension
vscode	dendron	https://marketplace.visualstudio.com/items?itemName=dendron.dendron	installs=169475; ratings=39; average=4.62; lastUpdated=2023-08-12	Dendron is a hierarchical note taking tool that grows as you do.	undecidable	note-taking tool; the description does not mention Markdown
vscode	Excel	https://marketplace.visualstudio.com/items?itemName=cweijan.vscode-excel	installs=169469; ratings=2; average=5.00; lastUpdated=2025-04-28	Support view excel and csv file in VS Code.	out	Excel/CSV viewer
vscode	Instant Markdown	https://marketplace.visualstudio.com/items?itemName=dbankier.vscode-instant-markdown	installs=164280; ratings=39; average=3.46; lastUpdated=2021-05-11	Instant previews of your markdown files as you type.	in	previews Markdown files as typed
vscode	Md Editor	https://marketplace.visualstudio.com/items?itemName=seepine.md-editor	installs=157011; ratings=9; average=4.67; lastUpdated=2025-07-07	即时预览的markdown编辑器，基本接近 Typora 的编辑体验。	in	Markdown editor
vscode	Overleaf Workshop	https://marketplace.visualstudio.com/items?itemName=iamhyc.overleaf-workshop	installs=156029; ratings=20; average=4.80; lastUpdated=2026-07-11	Open Overleaf/ShareLaTex projects in VSCode, with full collaboration support.	out	Overleaf client
vscode	Markdown Extended	https://marketplace.visualstudio.com/items?itemName=jebbs.markdown-extended	installs=150538; ratings=14; average=4.86; lastUpdated=2026-06-16	Extended syntaxes to built-in markdown & What you see is what you get exporter.	undecidable	extends Markdown syntax and exports; viewer/converter mix
vscode	Typora	https://marketplace.visualstudio.com/items?itemName=cweijan.vscode-typora	installs=148967; ratings=14; average=4.86; lastUpdated=2025-04-28	Edit markdown like typora in vscode.	in	edits Markdown like Typora
vscode	Insert Date & Time	https://marketplace.visualstudio.com/items?itemName=jsynowiec.vscode-insertdatestring	installs=148650; ratings=20; average=5.00; lastUpdated=2026-07-09	Insert dates, times, ISO 8601 strings, Unix timestamps, and custom Day.js-formatted timestamps in VS Code — with shortcuts, timezone support, and configurable formats.	out	date insertion snippet
vscode	Markdown Image	https://marketplace.visualstudio.com/items?itemName=hancel.markdown-image	installs=147968; ratings=30; average=5.00; lastUpdated=2026-03-06	Easy to insert a image to markdown	undecidable	inserts images into Markdown; an authoring aid or snippet-class helper
vscode	Zhihu On VSCode	https://marketplace.visualstudio.com/items?itemName=niudai.vscode-zhihu	installs=147712; ratings=15; average=4.20; lastUpdated=2022-07-03	Zhihu VSCode Extension	out	Zhihu client
vscode	XLSX, CSV, TSV & Markdown Editor	https://marketplace.visualstudio.com/items?itemName=Muhammad-Ahmad.xlsx-viewer	installs=144217; ratings=6; average=5.00; lastUpdated=2026-09-24	View and edit xlsx files with colors, fonts and styles (supporting in-table editing), and view and edit CSV, TSV & Markdown files in VS Code. This is an open-source project.	undecidable	Markdown is one of four formats the editor handles
vscode	ETHover	https://marketplace.visualstudio.com/items?itemName=tintinweb.vscode-ethover	installs=144092; ratings=1; average=5.00; lastUpdated=2024-12-09	Ethereum Account Address Hover Info and Actions	out	Ethereum hover helper
